"0xa92ea3630a13abf3a7322043406df32744c8dc3db1107cf8e244506fba8b284c","13045948","1629245580","2021-08-18 00:13:00","0xc352b534e8b987e036a93539fd6897f53488e56a","0x16f5a35647d6f03d5d3da7b35409d65ba03af3b2","","0","0","0","0.02010866059397888","37.2728100171814","3013.52","","","Set Palette",""
"0x9ab747363dfc1ff30bb49d658de1b478c58df8f1e4b882816a3192835542c335","13045949","1629245610","2021-08-18 00:13:30","0xc352b534e8b987e036a93539fd6897f53488e56a","0x16f5a35647d6f03d5d3da7b35409d65ba03af3b2","","0","0","0","0.005956184175936512","11.0402043029906","3013.52","","","Add Composites",""
"0xbbe44426feae1117f0d8e5b5b11d6d5c765a746b45234b33d433a4aeb6be5166","13045950","1629245646","2021-08-18 00:14:06","0xc352b534e8b987e036a93539fd6897f53488e56a","0x16f5a35647d6f03d5d3da7b35409d65ba03af3b2","","0","0","0","0.005959304176028672","11.0459874415615","3013.52","","","Add Composites",""
"0x2e0e57c012747a7814766f452cb43f564a4933ade24b257edf9efc176c149aa7","13045952","1629245655","2021-08-18 00:14:15","0xc352b534e8b987e036a93539fd6897f53488e56a","0x16f5a35647d6f03d5d3da7b35409d65ba03af3b2","","0","0","0","0.005956184175936512","11.0402043029906","3013.52","","","Add Composites",""
"0x4f3eec9351457628da397723c29047d21e712359c2de69049de82987dc07e651","13045954","1629245693","2021-08-18 00:14:53","0xc352b534e8b987e036a93539fd6897f53488e56a","0x16f5a35647d6f03d5d3da7b35409d65ba03af3b2","","0","0","0","0.005958056175991808","11.0436741861331","3013.52","","","Add Composites",""
"0x46dff24a49d559263ef6aa6e3f709260d73c44d49363c50a84852d2233104df4","13045959","1629245769","2021-08-18 00:16:09","0xc352b534e8b987e036a93539fd6897f53488e56a","0x16f5a35647d6f03d5d3da7b35409d65ba03af3b2","","0","0","0","0.005959928176047104","11.0471440692756","3013.52","","","Add Composites",""
"0x80f4123d4ad64aecd6f34925ba959984a382c1e89898b2e856a6b444c37a5f56","13045963","1629245877","2021-08-18 00:17:57","0xc352b534e8b987e036a93539fd6897f53488e56a","0x16f5a35647d6f03d5d3da7b35409d65ba03af3b2","","0","0","0","0.005958056175991808","11.0436741861331","3013.52","","","Add Composites",""
"0x3895c22172f06fd454a50a556ef9498c737e529eacd47f4aa2b212905024f0a4","13045964","1629245885","2021-08-18 00:18:05","0xc352b534e8b987e036a93539fd6897f53488e56a","0x16f5a35647d6f03d5d3da7b35409d65ba03af3b2","","0","0","0","0.005953064175844352","11.0344211644198","3013.52","","","Add Composites",""
"0x1638ed2085831da1d28a6eb262fb6c12b7b70ea62caf61bea583da5069c92b11","13045966","1629245905","2021-08-18 00:18:25","0xc352b534e8b987e036a93539fd6897f53488e56a","0x16f5a35647d6f03d5d3da7b35409d65ba03af3b2","","0","0","0","0.00595556017591808","11.0390476752765","3013.52","","","Add Composites",""
"0x7e36e1eaf46049f74b86de34468e7e5ced2d33486674ca375cc251cf012c922d","13045974","1629245982","2021-08-18 00:19:42","0xc352b534e8b987e036a93539fd6897f53488e56a","0x16f5a35647d6f03d5d3da7b35409d65ba03af3b2","","0","0","0","0.005956808175954944","11.0413609307048","3013.52","","","Add Composites",""
"0x63bd0b2f976c47eeff3d863a8ee2ec7c34e006a49f08692f7531b343f4a0a676","13045976","1629246006","2021-08-18 00:20:06","0xc352b534e8b987e036a93539fd6897f53488e56a","0x16f5a35647d6f03d5d3da7b35409d65ba03af3b2","","0","0","0","0.005958056175991808","11.0436741861331","3013.52","","","Add Composites",""
"0x508f87575aa657bccc8a35ef52ae850c3480ebb2c0081ad74f6f220641c2d15b","13045977","1629246016","2021-08-18 00:20:16","0xc352b534e8b987e036a93539fd6897f53488e56a","0x16f5a35647d6f03d5d3da7b35409d65ba03af3b2","","0","0","0","0.005957432175973376","11.042517558419","3013.52","","","Add Composites",""
"0xc3c647e14d6f8bea946fb3c09d79b0a7e9d90ab99e729c00a4b478a72310eb50","13045984","1629246082","2021-08-18 00:21:22","0xc352b534e8b987e036a93539fd6897f53488e56a","0x16f5a35647d6f03d5d3da7b35409d65ba03af3b2","","0","0","0","0.00595556017591808","11.0390476752765","3013.52","","","Add Composites",""
"0x756b024030c15a277c51048fba8eba187ad493814efca534e5c7c3e6122d67b2","13045985","1629246110","2021-08-18 00:21:50","0xc352b534e8b987e036a93539fd6897f53488e56a","0x16f5a35647d6f03d5d3da7b35409d65ba03af3b2","","0","0","0","0.00595244017582592","11.0332645367056","3013.52","","","Add Composites",""
"0xc5e86ab6b909f6f68c7332a3fe08e6f434090124b500455a1b7d144918e7d061","13045987","1629246144","2021-08-18 00:22:24","0xc352b534e8b987e036a93539fd6897f53488e56a","0x16f5a35647d6f03d5d3da7b35409d65ba03af3b2","","0","0","0","0.005954936175899648","11.0378910475623","3013.52","","","Add Composites",""
"0xbfbc148c5513f15730bd6a71b7d1efc7b24606ea479ec10142333b174b42a194","13045989","1629246161","2021-08-18 00:22:41","0xc352b534e8b987e036a93539fd6897f53488e56a","0x16f5a35647d6f03d5d3da7b35409d65ba03af3b2","","0","0","0","0.005155469882684416","9.55602431044735","3013.52","","","Add Composites",""
"0x0e859f563da356dbb24cdf258c2ffeb7a47aea9bc9cf3d6ce5062750b7c8faea","13045992","1629246184","2021-08-18 00:23:04","0xc352b534e8b987e036a93539fd6897f53488e56a","0x16f5a35647d6f03d5d3da7b35409d65ba03af3b2","","0","0","0","0.005154389882708992","9.55402245489291","3013.52","","","Add Composites",""
"0xd5b34182db873659c34da63361144c80cb78d32362e2338af9ad1c287214f9f2","13045997","1629246257","2021-08-18 00:24:17","0xc352b534e8b987e036a93539fd6897f53488e56a","0x16f5a35647d6f03d5d3da7b35409d65ba03af3b2","","0","0","0","0.005156009882672128","9.55702523822458","3013.52","","","Add Composites",""
"0xb5b57459c8440a2de9fb35bb033600cb3f7db974dd7119a9d8e13cb2201e4931","13045998","1629246284","2021-08-18 00:24:44","0xc352b534e8b987e036a93539fd6897f53488e56a","0x16f5a35647d6f03d5d3da7b35409d65ba03af3b2","","0","0","0","0.005154389882708992","9.55402245489291","3013.52","","","Add Composites",""
"0xfeedfbcd87cee07863e1fdbd73841ff47a0d8395ddf121c8fb5d79328de43655","13046010","1629246417","2021-08-18 00:26:57","0xc352b534e8b987e036a93539fd6897f53488e56a","0x16f5a35647d6f03d5d3da7b35409d65ba03af3b2","","0","0","0","0.005156009882672128","9.55702523822458","3013.52","","","Add Composites",""
"0x4289687a930e92f7a550313818a1d956ff5e8911f83e5a694a2e84024d9bd468","13046013","1629246468","2021-08-18 00:27:48","0xc352b534e8b987e036a93539fd6897f53488e56a","0x16f5a35647d6f03d5d3da7b35409d65ba03af3b2","","0","0","0","0.005154389882708992","9.55402245489291","3013.52","","","Add Composites",""
"0xc10e51b082fc21fa883aad7250edce9ebe7ef76e1f417071f23eb059e5007ad2","13046021","1629246536","2021-08-18 00:28:56","0xc352b534e8b987e036a93539fd6897f53488e56a","0x16f5a35647d6f03d5d3da7b35409d65ba03af3b2","","0","0","0","0.005152769882745856","9.55101967156124","3013.52","","","Add Composites",""
"0x01abde4ef521994e9f18f950537307f78186ffc1d337d8fd271c879eced9a063","13046022","1629246551","2021-08-18 00:29:11","0xc352b534e8b987e036a93539fd6897f53488e56a","0x16f5a35647d6f03d5d3da7b35409d65ba03af3b2","","0","0","0","0.005152769882745856","9.55101967156124","3013.52","","","Add Composites",""
"0xbfee8c3af30d6a7267699b4cfd409cdd2aa831feb41493ea6749d62e84962083","13046026","1629246637","2021-08-18 00:30:37","0xc352b534e8b987e036a93539fd6897f53488e56a","0x16f5a35647d6f03d5d3da7b35409d65ba03af3b2","","0","0","0","0.005152769882745856","9.55101967156124","3013.52","","","Add Composites",""
"0xed4337476b02a0073e05c4c6a1a6d66d391a69eb2ae9f7e1b920bbc508999377","13046029","1629246739","2021-08-18 00:32:19","0xc352b534e8b987e036a93539fd6897f53488e56a","0x16f5a35647d6f03d5d3da7b35409d65ba03af3b2","","0","0","0","0.005154389882708992","9.55402245489291","3013.52","","","Add Composites",""
"0xd840ced067078ec82cd59f9b0db99550b53983dfd6f5f6ef677b80d7b84ace32","13046030","1629246757","2021-08-18 00:32:37","0xc352b534e8b987e036a93539fd6897f53488e56a","0x16f5a35647d6f03d5d3da7b35409d65ba03af3b2","","0","0","0","0.005154929882696704","9.55502338267013","3013.52","","","Add Composites",""
"0x8865898d2dacc27f532258b6c1b9fdd81b93a6768d6f7101a89fa386f9e5d499","13046034","1629246787","2021-08-18 00:33:07","0xc352b534e8b987e036a93539fd6897f53488e56a","0x16f5a35647d6f03d5d3da7b35409d65ba03af3b2","","0","0","0","0.005152769882745856","9.55101967156124","3013.52","","","Add Composites",""
"0xd9e4070223a21631af6810a756931ca8d0c4e246d7db79fb63b49de0352cdc00","13046039","1629246840","2021-08-18 00:34:00","0xc352b534e8b987e036a93539fd6897f53488e56a","0x16f5a35647d6f03d5d3da7b35409d65ba03af3b2","","0","0","0","0.005156009882672128","9.55702523822458","3013.52","","","Add Composites",""
"0x137f8a979dccb08d14cbc157ee6a2c06856c23e0e6e1b19a302d25e2a4bd337f","13046041","1629246887","2021-08-18 00:34:47","0xc352b534e8b987e036a93539fd6897f53488e56a","0x16f5a35647d6f03d5d3da7b35409d65ba03af3b2","","0","0","0","0.00515384988272128","9.55302152711568","3013.52","","","Add Composites",""
"0x336549d624bbff3ff357ec9bd74e3094eb7e74d48f7df27bc603819328dcc4d8","13046043","1629246915","2021-08-18 00:35:15","0xc352b534e8b987e036a93539fd6897f53488e56a","0x16f5a35647d6f03d5d3da7b35409d65ba03af3b2","","0","0","0","0.005151689882770432","9.54901781600679","3013.52","","","Add Composites",""
"0xbb4054c86923523668a4b2ee78c30c57a598f90191267c861524e0e2fa9904cc","13046046","1629246953","2021-08-18 00:35:53","0xc352b534e8b987e036a93539fd6897f53488e56a","0x16f5a35647d6f03d5d3da7b35409d65ba03af3b2","","0","0","0","0.004255109903172608","7.88714406322365","3013.52","","","Add Composites",""
"0xb73a74730f54ff8a01b4c1489105225e7638abf0452150ca70daa019dfd82692","13046050","1629247035","2021-08-18 00:37:15","0xc352b534e8b987e036a93539fd6897f53488e56a","0x16f5a35647d6f03d5d3da7b35409d65ba03af3b2","","0","0","0","0.009287234788663808","17.2145397872236","3013.52","","","Add Asset",""
"0xc8699ddd5934caac822b71d5e6ebd002a13957b4fc05a8c75c2e0c77773d1f99","13046058","1629247151","2021-08-18 00:39:11","0xc352b534e8b987e036a93539fd6897f53488e56a","0x16f5a35647d6f03d5d3da7b35409d65ba03af3b2","","0","0","0","0.009287234788663808","17.2145397872236","3013.52","","","Add Asset",""
"0x0fdc92417bfcf7f836bfe7ee4a0931679b29e18efbb5b1ac0c7955d94064eda0","13046061","1629247167","2021-08-18 00:39:27","0xc352b534e8b987e036a93539fd6897f53488e56a","0x16f5a35647d6f03d5d3da7b35409d65ba03af3b2","","0","0","0","0.009287234788663808","17.2145397872236","3013.52","","","Add Asset",""
"0xb5c7a03036ba437697afe4ca4e16bf52e1b873aa16a1b018ecafe12f212bdd1b","13046070","1629247265","2021-08-18 00:41:05","0xc352b534e8b987e036a93539fd6897f53488e56a","0x16f5a35647d6f03d5d3da7b35409d65ba03af3b2","","0","0","0","0.009287234788663808","17.2145397872236","3013.52","","","Add Asset",""
"0xf4571aba1fe0a196d68256e33701b5585c59dc0176bd551bdc8f6e014380a636","13046073","1629247290","2021-08-18 00:41:30","0xc352b534e8b987e036a93539fd6897f53488e56a","0x16f5a35647d6f03d5d3da7b35409d65ba03af3b2","","0","0","0","0.009272114789007872","17.1865138094613","3013.52","","","Add Asset",""
"0xce4b08a7e0e078410782eb61ce3e4bbd0f54204e1e234745b2affad343fb67d0","13046076","1629247324","2021-08-18 00:42:04","0xc352b534e8b987e036a93539fd6897f53488e56a","0x16f5a35647d6f03d5d3da7b35409d65ba03af3b2","","0","0","0","0.009272114789007872","17.1865138094613","3013.52","","","Add Asset",""
"0xc035c4329ad9ed53dfbbc29cda24b886f70a9f8166cf4ec49dca57f353404781","13046077","1629247362","2021-08-18 00:42:42","0xc352b534e8b987e036a93539fd6897f53488e56a","0x16f5a35647d6f03d5d3da7b35409d65ba03af3b2","","0","0","0","0.009272114789007872","17.1865138094613","3013.52","","","Add Asset",""
"0x077a4274c477a23bdc8571c4ec9cde77fd75b3be973713428c01f35c50ef0368","13046085","1629247512","2021-08-18 00:45:12","0xc352b534e8b987e036a93539fd6897f53488e56a","0x16f5a35647d6f03d5d3da7b35409d65ba03af3b2","","0","0","0","0.009272114789007872","17.1865138094613","3013.52","","","Add Asset",""
"0xbe6e1cb36158ada9bb366b36736da6399faa03a665168754c48071515f2b8194","13046095","1629247582","2021-08-18 00:46:22","0xc352b534e8b987e036a93539fd6897f53488e56a","0x16f5a35647d6f03d5d3da7b35409d65ba03af3b2","","0","0","0","0.01029577476571392","19.0839392324844","3013.52","","","Add Asset",""
"0x611779097d1e8a723a25f736b5306837278a5f094966e129d0428c9a31709069","13046102","1629247665","2021-08-18 00:47:45","0xc352b534e8b987e036a93539fd6897f53488e56a","0x16f5a35647d6f03d5d3da7b35409d65ba03af3b2","","0","0","0","0.009287234788663808","17.2145397872236","3013.52","","","Add Asset",""
"0x01030a46aabb9fd8550e6620e0ffd71d43c4070b9ac15e4f7a867d54bf9b2854","13046109","1629247733","2021-08-18 00:48:53","0xc352b534e8b987e036a93539fd6897f53488e56a","0x16f5a35647d6f03d5d3da7b35409d65ba03af3b2","","0","0","0","0.010295234765726208","19.0829383047071","3013.52","","","Add Asset",""
"0xbca849814e1c8d52449b701f50f56c46876d55e74cc46ef04ce3c101df4f784f","13046118","1629247907","2021-08-18 00:51:47","0xc352b534e8b987e036a93539fd6897f53488e56a","0x16f5a35647d6f03d5d3da7b35409d65ba03af3b2","","0","0","0","0.003185459927513088","5.90447295784043","3013.52","","","Add Asset",""
"0xcbece0bd6ed731a12c44d08cf084b32a193e44e27fe9bbbc3adb63ffc555f882","13046126","1629247983","2021-08-18 00:53:03","0xc352b534e8b987e036a93539fd6897f53488e56a","0x16f5a35647d6f03d5d3da7b35409d65ba03af3b2","","0","0","0","0.005206094881532416","9.64986128956204","3013.52","","","Add Asset",""
"0xa175ac94d68cd83afa660b7147274cd65f65830ac0456e8b75cd65512a66d546","13046129","1629248033","2021-08-18 00:53:53","0xc352b534e8b987e036a93539fd6897f53488e56a","0x16f5a35647d6f03d5d3da7b35409d65ba03af3b2","","0","0","0","0.006226514858312192","11.5412811459217","3013.52","","","Add Asset",""
"0x3e26a918ec01cc4c73fd49b9c04fdbf7a34986618a37e44cf300ee03410a2b32","13046136","1629248139","2021-08-18 00:55:39","0xc352b534e8b987e036a93539fd6897f53488e56a","0x16f5a35647d6f03d5d3da7b35409d65ba03af3b2","","0","0","0","0.0031859999275008","5.90547388561766","3013.52","","","Add Asset",""
"0x2f5d7aa913540636ae0c62d350668a6e730b4791c0e73e7186d2e044c0910047","13046141","1629248226","2021-08-18 00:57:06","0xc352b534e8b987e036a93539fd6897f53488e56a","0x16f5a35647d6f03d5d3da7b35409d65ba03af3b2","","0","0","0","0.006233534858152448","11.5542932070256","3013.52","","","Add Asset",""
"0xa395a1ebfdc64404ab83478a4709e5d1b58e2ac25765fb3ef65e251dc35f92b0","13046142","1629248232","2021-08-18 00:57:12","0xc352b534e8b987e036a93539fd6897f53488e56a","0x16f5a35647d6f03d5d3da7b35409d65ba03af3b2","","0","0","0","0.00318059992762368","5.89546460784542","3013.52","","","Add Asset",""
"0x8972c6b4a44c972111bf18feccae7cfb26db615be400d1422c0763a1a2b03af5","13046143","1629248260","2021-08-18 00:57:40","0xc352b534e8b987e036a93539fd6897f53488e56a","0x16f5a35647d6f03d5d3da7b35409d65ba03af3b2","","0","0","0","0.003178439927672832","5.89146089673653","3013.52","","","Add Asset",""
"0xcff57eab655c398dd5efb4d03e276db6e8e15dd7f234ffd22dbc9b7a863a8c44","13046157","1629248404","2021-08-18 01:00:04","0xc352b534e8b987e036a93539fd6897f53488e56a","0x16f5a35647d6f03d5d3da7b35409d65ba03af3b2","","0","0","0","0.005195834881765888","9.6308436617948","3013.52","","","Add Asset",""
"0xca7417e2e6aab625fb9073143f51cbadc81fa14da4e1cc72a87a1f3bbfd5b3bd","13046164","1629248543","2021-08-18 01:02:23","0xc352b534e8b987e036a93539fd6897f53488e56a","0x16f5a35647d6f03d5d3da7b35409d65ba03af3b2","","0","0","0","0.005195834881765888","9.6308436617948","3013.52","","","Add Asset",""
"0x2508278bf022e3b9b7816576756a0e6404f5a266d4dae871eaa58c171540d3ee","13046168","1629248642","2021-08-18 01:04:02","0xc352b534e8b987e036a93539fd6897f53488e56a","0x16f5a35647d6f03d5d3da7b35409d65ba03af3b2","","0","0","0","0.00519367488181504","9.6268399506859","3013.52","","","Add Asset",""
"0x7da87ee67d2a99d503f61b54843b4ad79a0489e0097c5762aa85d0aac3da21ec","13046177","1629248727","2021-08-18 01:05:27","0xc352b534e8b987e036a93539fd6897f53488e56a","0x16f5a35647d6f03d5d3da7b35409d65ba03af3b2","","0","0","0","0.00520717488150784","9.65186314511649","3013.52","","","Add Asset",""
"0xc0728d6d6010000ecba7a0f118fffccaddfaee73455edd0708936eec7a8de3bf","13046180","1629248740","2021-08-18 01:05:40","0xc352b534e8b987e036a93539fd6897f53488e56a","0x16f5a35647d6f03d5d3da7b35409d65ba03af3b2","","0","0","0","0.005208254881483264","9.65386500067093","3013.52","","","Add Asset",""
"0x742b9e3ad1a4765fa29998494eab48eeaaaf06fbe21e604657a592637679d306","13046188","1629248820","2021-08-18 01:07:00","0xc352b534e8b987e036a93539fd6897f53488e56a","0x16f5a35647d6f03d5d3da7b35409d65ba03af3b2","","0","0","0","0.00317519992774656","5.88545533007319","3013.52","","","Add Asset",""
"0x8da4a2b9c2359b3577b8b13fca73e8a5068e6ca3b8249398cb99d7bf3de6982f","13046195","1629248927","2021-08-18 01:08:47","0xc352b534e8b987e036a93539fd6897f53488e56a","0x16f5a35647d6f03d5d3da7b35409d65ba03af3b2","","0","0","0","0.005210954881421824","9.65886963955705","3013.52","","","Add Asset",""
"0x36f61054e118e17efe7ac281ee0f14406d7c6ec33129ecbb5536e7da0ae10653","13046197","1629248945","2021-08-18 01:09:05","0xc352b534e8b987e036a93539fd6897f53488e56a","0x16f5a35647d6f03d5d3da7b35409d65ba03af3b2","","0","0","0","0.003179519927648256","5.89346275229098","3013.52","","","Add Asset",""
"0x026b0d30bf70d56f063ca1020cd1a746440d2ec0057ab449f5aef651decc2043","13046198","1629248963","2021-08-18 01:09:23","0xc352b534e8b987e036a93539fd6897f53488e56a","0x16f5a35647d6f03d5d3da7b35409d65ba03af3b2","","0","0","0","0.00317519992774656","5.88545533007319","3013.52","","","Add Asset",""
"0xd2e6f7b2882c58c2d99b7aedcdaa49afc25e2264e6cacb76a38d1bae4634604a","13046205","1629249043","2021-08-18 01:10:43","0xc352b534e8b987e036a93539fd6897f53488e56a","0x16f5a35647d6f03d5d3da7b35409d65ba03af3b2","","0","0","0","0.00623407485814016","11.5552941348029","3013.52","","","Add Asset",""
"0xa139c0bad2636d91f297bec3453da0e86a94cec507e270a495661ce391c1e235","13046206","1629249052","2021-08-18 01:10:52","0xc352b534e8b987e036a93539fd6897f53488e56a","0x16f5a35647d6f03d5d3da7b35409d65ba03af3b2","","0","0","0","0.003187619927463936","5.90847666894933","3013.52","","","Add Asset",""
"0x91784997e0049532402ed63a61e1da7cd473e00607bf824c46d44e9235d8d1e0","13046209","1629249154","2021-08-18 01:12:34","0xc352b534e8b987e036a93539fd6897f53488e56a","0x16f5a35647d6f03d5d3da7b35409d65ba03af3b2","","0","0","0","0.003193559927328768","5.91948687449878","3013.52","","","Add Asset",""
"0xfd9425cf2a3e7f7178626b9f2fed30ab764431e92a603dcfa1531e10c7188c73","13046214","1629249229","2021-08-18 01:13:49","0xc352b534e8b987e036a93539fd6897f53488e56a","0x16f5a35647d6f03d5d3da7b35409d65ba03af3b2","","0","0","0","0.005196914881741312","9.63284551734924","3013.52","","","Add Asset",""
"0x3ebf4c7c7c16ba8d6b7c5d57a3d70591d4bf70d38b4088f8e2f75866f751d4cc","13046267","1629250008","2021-08-18 01:26:48","0xc352b534e8b987e036a93539fd6897f53488e56a","0x16f5a35647d6f03d5d3da7b35409d65ba03af3b2","","0","0","0","0.003186539927488512","5.90647481339488","3013.52","","","Add Asset",""
"0xcf67f70e7b299390de4bb6b11bff31b93f183df0527b74fb3f73248973f0c43b","13046275","1629250150","2021-08-18 01:29:10","0xc352b534e8b987e036a93539fd6897f53488e56a","0x16f5a35647d6f03d5d3da7b35409d65ba03af3b2","","0","0","0","0.005796744036194304","10.7446708431687","3013.52","","","Add Asset",""
"0x07907f96bb50ae69a7d5308343b52f3389d8a2d907aa44064d733bc533911e2a","13046276","1629250152","2021-08-18 01:29:12","0xc352b534e8b987e036a93539fd6897f53488e56a","0x16f5a35647d6f03d5d3da7b35409d65ba03af3b2","","0","0","0","0.00578592003612672","10.7246078013634","3013.52","","","Add Asset",""
"0x9c82671d209e8c0b9341cf99a38fce2c49f7e028c8d420282936a02a70c043d0","13046280","1629250215","2021-08-18 01:30:15","0xc352b534e8b987e036a93539fd6897f53488e56a","0x16f5a35647d6f03d5d3da7b35409d65ba03af3b2","","0","0","0","0.011322478070696448","20.9870056775008","3013.52","","","Add Asset",""
"0xeb4aa945d82da5f56b98d60d44c6397ec3df0e1b7e827f6402551a4a550e319d","13046286","1629250337","2021-08-18 01:32:17","0xc352b534e8b987e036a93539fd6897f53488e56a","0x16f5a35647d6f03d5d3da7b35409d65ba03af3b2","","0","0","0","0.005806584036255744","10.7629099720826","3013.52","","","Add Asset",""
"0x4dc1b03e32a0eef8f526d999e2b3f465554d4040ace51e139d1e0bb78caa8671","13046298","1629250492","2021-08-18 01:34:52","0xc352b534e8b987e036a93539fd6897f53488e56a","0x16f5a35647d6f03d5d3da7b35409d65ba03af3b2","","0","0","0","0.011343142070825472","21.02530784822","3013.52","","","Add Asset",""
"0x2eea77b00a8a4b225b23fd60c2efe89433102c7794e6085f0a78a7e007644be6","13046300","1629250505","2021-08-18 01:35:05","0xc352b534e8b987e036a93539fd6897f53488e56a","0x16f5a35647d6f03d5d3da7b35409d65ba03af3b2","","0","0","0","0.0094935500592768","17.5969595833737","3013.52","","","Add Asset",""
"0x957158a887495a4648f2ee7c467388b1165b4fba84ff85c5bca5b3e5dc603f31","13046301","1629250521","2021-08-18 01:35:21","0xc352b534e8b987e036a93539fd6897f53488e56a","0x16f5a35647d6f03d5d3da7b35409d65ba03af3b2","","0","0","0","0.005821344036347904","10.7902686654534","3013.52","","","Add Asset",""
"0xe2cf27e86aa7688354b938b822e59a556fb0a5752d8839bd24484f19858f3cea","13046307","1629250599","2021-08-18 01:36:39","0xc352b534e8b987e036a93539fd6897f53488e56a","0x16f5a35647d6f03d5d3da7b35409d65ba03af3b2","","0","0","0","0.009477806059178496","17.5677769771115","3013.52","","","Add Asset",""
"0xcc39f8c7c4324d0559ef4e6541d85b2691d4bd6b24b460b23db3fb406e98a034","13046310","1629250616","2021-08-18 01:36:56","0xc352b534e8b987e036a93539fd6897f53488e56a","0x16f5a35647d6f03d5d3da7b35409d65ba03af3b2","","0","0","0","0.009496502059295232","17.6024313220479","3013.52","","","Add Asset",""
"0xbcdaafe1f9581a84b39ca83fde81a861eee7b1ea87e4f4243bc134ae2791f3d9","13046318","1629250689","2021-08-18 01:38:09","0xc352b534e8b987e036a93539fd6897f53488e56a","0x16f5a35647d6f03d5d3da7b35409d65ba03af3b2","","0","0","0","0.009484694059221504","17.5805443673512","3013.52","","","Add Asset",""
"0x8f4e588e2d5e08c6cbbd82452a2b180175efd8d7d89634c534711beb6607c4ec","13046325","1629250757","2021-08-18 01:39:17","0xc352b534e8b987e036a93539fd6897f53488e56a","0x16f5a35647d6f03d5d3da7b35409d65ba03af3b2","","0","0","0","0.011326414070721024","20.9943013290664","3013.52","","","Add Asset",""
"0xc5b6ffd91b0a6fbc082641658ce2eae5b0a71f68a1cdf0c6ae2926bddb491fbd","13046328","1629250794","2021-08-18 01:39:54","0xc352b534e8b987e036a93539fd6897f53488e56a","0x16f5a35647d6f03d5d3da7b35409d65ba03af3b2","","0","0","0","0.005801664036225024","10.7537904076256","3013.52","","","Add Asset",""
"0x1fe84c09b30365797fa47e60bab6ae1e794379ec77a146f56ce59f98d8fb83e1","13046330","1629250810","2021-08-18 01:40:10","0xc352b534e8b987e036a93539fd6897f53488e56a","0x16f5a35647d6f03d5d3da7b35409d65ba03af3b2","","0","0","0","0.013177974082281984","24.4262974196954","3013.52","","","Add Asset",""
"0x94f7dd2d78a077f5e801b9bb5be2a33007abbfa95ba84d85a854e8fe5df0b3fd","13046331","1629250860","2021-08-18 01:41:00","0xc352b534e8b987e036a93539fd6897f53488e56a","0x16f5a35647d6f03d5d3da7b35409d65ba03af3b2","","0","0","0","0.011333302070764032","21.0070687193061","3013.52","","","Add Asset",""
"0x7da91a71811681a3f51ffccd56998c98caecacc44c07b39f89c26c919892f1e7","13046333","1629250902","2021-08-18 01:41:42","0xc352b534e8b987e036a93539fd6897f53488e56a","0x16f5a35647d6f03d5d3da7b35409d65ba03af3b2","","0","0","0","0.011341174070813184","21.0216600224372","3013.52","","","Add Asset",""
"0xb2666c9914320d3eb24146387a9e43edcffd89746ef69c9930fc1be34e021d06","13046343","1629251034","2021-08-18 01:43:54","0xc352b534e8b987e036a93539fd6897f53488e56a","0x16f5a35647d6f03d5d3da7b35409d65ba03af3b2","","0","0","0","0.005806584036255744","10.7629099720826","3013.52","","","Add Asset",""
"0x3bc7578dbc4d9b2b96856f049a3aaca113a8a184687362afecd098ddd48b753c","13046351","1629251189","2021-08-18 01:46:29","0xc352b534e8b987e036a93539fd6897f53488e56a","0x16f5a35647d6f03d5d3da7b35409d65ba03af3b2","","0","0","0","0.011328382070733312","20.9979491548491","3013.52","","","Add Asset",""
"0x113d5ca5e00c42f57f8d9e0e813ee87ae0a730cb02e5e0389327b45f194ac73d","13046353","1629251208","2021-08-18 01:46:48","0xc352b534e8b987e036a93539fd6897f53488e56a","0x16f5a35647d6f03d5d3da7b35409d65ba03af3b2","","0","0","0","0.011358886070923776","21.0544904544822","3013.52","","","Add Asset",""
"0x277caaae19fb5cd86418b313f25d3bf24ac409ba234e17cf4296e7022932caee","13046355","1629251225","2021-08-18 01:47:05","0xc352b534e8b987e036a93539fd6897f53488e56a","0x16f5a35647d6f03d5d3da7b35409d65ba03af3b2","","0","0","0","0.01134511007083776","21.0289556740027","3013.52","","","Add Asset",""
"0x6d9f1b41c73418e2dbc98552af2dd8eef1d080ddf883059d5cdea3bb1b35abf1","13046357","1629251234","2021-08-18 01:47:14","0xc352b534e8b987e036a93539fd6897f53488e56a","0x16f5a35647d6f03d5d3da7b35409d65ba03af3b2","","0","0","0","0.005794776036182016","10.7410230173859","3013.52","","","Add Asset",""
"0xee3d8560214572c45118f5cc94b8f915965f14cd493e0c19b51bccc83863c0ac","13046366","1629251361","2021-08-18 01:49:21","0xc352b534e8b987e036a93539fd6897f53488e56a","0x16f5a35647d6f03d5d3da7b35409d65ba03af3b2","","0","0","0","0.009469934059129344","17.5531856739804","3013.52","","","Add Asset",""
"0x058957d6438935d0b4dcccbf910a8e5ccf5e34dd6fdd0669b644cbc53db8beff","13046367","1629251381","2021-08-18 01:49:41","0xc352b534e8b987e036a93539fd6897f53488e56a","0x16f5a35647d6f03d5d3da7b35409d65ba03af3b2","","0","0","0","0.005817408036323328","10.7829730138878","3013.52","","","Add Asset",""
"0x919c2b5c97915d13da3c9f40217671343bcc38d39500108dd135829e83cc8d37","13046376","1629251454","2021-08-18 01:50:54","0xc352b534e8b987e036a93539fd6897f53488e56a","0x16f5a35647d6f03d5d3da7b35409d65ba03af3b2","","0","0","0","0.005807568036261888","10.7647338849739","3013.52","","","Add Asset",""
"0x53204afd836ccf660b9a1550b1d7e443e8eb6cb8a3aa590162106167a22508ae","13046378","1629251501","2021-08-18 01:51:41","0xc352b534e8b987e036a93539fd6897f53488e56a","0x16f5a35647d6f03d5d3da7b35409d65ba03af3b2","","0","0","0","0.011336254070782464","21.0125404579803","3013.52","","","Add Asset",""
"0xc2e0418541b9b16710ddd5e538f5c6fe2b737c6d722180315820ef091e5ad093","13046382","1629251574","2021-08-18 01:52:54","0xc352b534e8b987e036a93539fd6897f53488e56a","0x16f5a35647d6f03d5d3da7b35409d65ba03af3b2","","0","0","0","0.00581052003628032","10.7702056236481","3013.52","","","Add Asset",""
"0xd6b3ca9eca327ce1cf278795d59ee1ca2ac4f4485945731542cdc370892b3bf6","13046390","1629251690","2021-08-18 01:54:50","0xc352b534e8b987e036a93539fd6897f53488e56a","0x16f5a35647d6f03d5d3da7b35409d65ba03af3b2","","0","0","0","0.009471902059141632","17.5568334997632","3013.52","","","Add Asset",""
"0xa9c5be3c711d80709d5ce552f62b257a4f47a79a9fb440665567497a93c40785","13046398","1629251787","2021-08-18 01:56:27","0xc352b534e8b987e036a93539fd6897f53488e56a","0x16f5a35647d6f03d5d3da7b35409d65ba03af3b2","","0","0","0","0.009470918059135488","17.5550095868718","3013.52","","","Add Asset",""
"0x8cc5bbb84a6090ea3ac45bd84070cafa3419886498c0c2b4d1510367470ed0d6","13046404","1629251888","2021-08-18 01:58:08","0xc352b534e8b987e036a93539fd6897f53488e56a","0x16f5a35647d6f03d5d3da7b35409d65ba03af3b2","","0","0","0","0.011327398070727168","20.9961252419578","3013.52","","","Add Asset",""
"0xa31536cc0705dbb91974660cc97a3ce5e545b1f9b2c45fb63097532ff96559ef","13046412","1629251965","2021-08-18 01:59:25","0xc352b534e8b987e036a93539fd6897f53488e56a","0x16f5a35647d6f03d5d3da7b35409d65ba03af3b2","","0","0","0","0.005788872036145152","10.7300795400376","3013.52","","","Add Asset",""
"0x995c5ba155a125e6f3c192af5672ec372137e691fb577b2aad7b827a8df34cf5","13046416","1629251982","2021-08-18 01:59:42","0xc352b534e8b987e036a93539fd6897f53488e56a","0x16f5a35647d6f03d5d3da7b35409d65ba03af3b2","","0","0","0","0.005824296036366336","10.7957404041275","3013.52","","","Add Asset",""
"0x392de46160f217dbfb9656443727bf16a1d39221e49eb1e278b0a904039f6704","13046419","1629251998","2021-08-18 01:59:58","0xc352b534e8b987e036a93539fd6897f53488e56a","0x16f5a35647d6f03d5d3da7b35409d65ba03af3b2","","0","0","0","0.005816424036317184","10.7811491009964","3013.52","","","Add Asset",""
"0x2cff6522c6fb901f6a10a53515e859a0119e180d5011cee2434b751a27f77480","13046420","1629252002","2021-08-18 02:00:02","0xc352b534e8b987e036a93539fd6897f53488e56a","0x16f5a35647d6f03d5d3da7b35409d65ba03af3b2","","0","0","0","0.009486662059233792","17.584192193134","3013.52","","","Add Asset",""
"0x3c9736b8f8e95205e8a97ff32d8fea509348723341362462d4e11b3c695bddfc","13046423","1629252039","2021-08-18 02:00:39","0xc352b534e8b987e036a93539fd6897f53488e56a","0x16f5a35647d6f03d5d3da7b35409d65ba03af3b2","","0","0","0","0.009479774059190784","17.5714248028943","3013.52","","","Add Asset",""
"0x25329b38eabd6a634f284d92d827269a9b62818a016953bbef29dae77cecbf06","13046432","1629252114","2021-08-18 02:01:54","0xc352b534e8b987e036a93539fd6897f53488e56a","0x16f5a35647d6f03d5d3da7b35409d65ba03af3b2","","0","0","0","0.005822328036354048","10.7920925783448","3013.52","","","Add Asset",""
"0x165112dfd77ab3962e1d68d54c500096d3a514654eb57379cbaf390598fd1207","13046438","1629252196","2021-08-18 02:03:16","0xc352b534e8b987e036a93539fd6897f53488e56a","0x16f5a35647d6f03d5d3da7b35409d65ba03af3b2","","0","0","0","0.016905694105557504","31.3358874232382","3013.52","","","Add Asset",""
"0xf30f678a0c2bade2f17dba33993191807a4236f89fcbf2c81c59ddd3b9540b64","13046440","1629252222","2021-08-18 02:03:42","0xc352b534e8b987e036a93539fd6897f53488e56a","0x16f5a35647d6f03d5d3da7b35409d65ba03af3b2","","0","0","0","0.005797728036200448","10.7464947560601","3013.52","","","Add Asset",""
"0x4ac84e866c3b04352f584c85987252af3c5cf80ac71433990688e9458d5f3776","13046441","1629252298","2021-08-18 02:04:58","0xc352b534e8b987e036a93539fd6897f53488e56a","0x16f5a35647d6f03d5d3da7b35409d65ba03af3b2","","0","0","0","0.005807568036261888","10.7647338849739","3013.52","","","Add Asset",""
"0xbc963b54b79a59f015563aed26370e36d4c3589548f40a8420a18f77026c4d56","13046448","1629252377","2021-08-18 02:06:17","0xc352b534e8b987e036a93539fd6897f53488e56a","0x16f5a35647d6f03d5d3da7b35409d65ba03af3b2","","0","0","0","0.005804616036243456","10.7592621462998","3013.52","","","Add Asset",""
"0xf22a0400a478d25b7c8f544983a6770256f73d17c2cd0a7ce99b8ed32237f101","13046454","1629252481","2021-08-18 02:08:01","0xc352b534e8b987e036a93539fd6897f53488e56a","0x16f5a35647d6f03d5d3da7b35409d65ba03af3b2","","0","0","0","0.009462062059080192","17.5385943708493","3013.52","","","Add Asset",""
"0xbb646fa184a1adc45428754f3b425fa89d75e4ebfdd6c447a0e66591f602e99f","13046458","1629252526","2021-08-18 02:08:46","0xc352b534e8b987e036a93539fd6897f53488e56a","0x16f5a35647d6f03d5d3da7b35409d65ba03af3b2","","0","0","0","0.009494534059282944","17.5987834962651","3013.52","","","Add Asset",""
"0x9db419b04a87fbb980e01686011dc7db89ef571af23fca96325191006fe61bac","13046460","1629252544","2021-08-18 02:09:04","0xc352b534e8b987e036a93539fd6897f53488e56a","0x16f5a35647d6f03d5d3da7b35409d65ba03af3b2","","0","0","0","0.00582036003634176","10.788444752562","3013.52","","","Add Asset",""
"0x1389844cc18c4361ff682caafd0bc434c1b1576343baf04307eba4e5b199cc36","13046461","1629252545","2021-08-18 02:09:05","0xc352b534e8b987e036a93539fd6897f53488e56a","0x16f5a35647d6f03d5d3da7b35409d65ba03af3b2","","0","0","0","0.00581052003628032","10.7702056236481","3013.52","","","Add Asset",""
"0xcc10bf319db303c376080198c8e6ae034754cb69d9f51048d16611b278c35b1c","13046470","1629252687","2021-08-18 02:11:27","0xc352b534e8b987e036a93539fd6897f53488e56a","0x16f5a35647d6f03d5d3da7b35409d65ba03af3b2","","0","0","0","0.01135987007092992","21.0563143673736","3013.52","","","Add Asset",""
"0x174984ed850e5c64aee8ae514515108c686c3c68bbe5196634428f31435b6510","13046476","1629252745","2021-08-18 02:12:25","0xc352b534e8b987e036a93539fd6897f53488e56a","0x16f5a35647d6f03d5d3da7b35409d65ba03af3b2","","0","0","0","0.01505807009402112","27.9111869841747","3013.52","","","Add Asset",""
"0x36aa77763dcc029821e6f021df4875525a4054a4982357133df1e6c224bb4783","13046483","1629252824","2021-08-18 02:13:44","0xc352b534e8b987e036a93539fd6897f53488e56a","0x16f5a35647d6f03d5d3da7b35409d65ba03af3b2","","0","0","0","0.005796744036194304","10.7446708431687","3013.52","","","Add Asset",""
"0xfd80eb9850d0340f2ca7d38892718898b242bf2ee07f05f6e14247418623b82d","13046490","1629252891","2021-08-18 02:14:51","0xc352b534e8b987e036a93539fd6897f53488e56a","0x16f5a35647d6f03d5d3da7b35409d65ba03af3b2","","0","0","0","0.005802648036231168","10.755614320517","3013.52","","","Add Asset",""
"0xb54334ccaf25ecdacca6aff80f8ba3b15d8bf01b0bf0e739ab04913d8434eb6d","13046491","1629252917","2021-08-18 02:15:17","0xc352b534e8b987e036a93539fd6897f53488e56a","0x16f5a35647d6f03d5d3da7b35409d65ba03af3b2","","0","0","0","0.013175022082263552","24.4208256810212","3013.52","","","Add Asset",""
"0x002227d8eea31acfb0dec067b11e24c3174d033e90e9a0d653defd30c76d978a","13046497","1629252974","2021-08-18 02:16:14","0xc352b534e8b987e036a93539fd6897f53488e56a","0x16f5a35647d6f03d5d3da7b35409d65ba03af3b2","","0","0","0","0.00579084003615744","10.7337273658203","3013.52","","","Add Asset",""
"0x298f565f05e7d7000f42812f1c6215e787a8053bb09d11cf5536b78fadaa07ee","13046502","1629253072","2021-08-18 02:17:52","0xc352b534e8b987e036a93539fd6897f53488e56a","0x16f5a35647d6f03d5d3da7b35409d65ba03af3b2","","0","0","0","0.013205526082454016","24.4773669806543","3013.52","","","Add Asset",""
"0xdb68db7745b62368daae35dd01d0789e75220f2a808129d406f99753045f78b8","13046503","1629253102","2021-08-18 02:18:22","0xc352b534e8b987e036a93539fd6897f53488e56a","0x16f5a35647d6f03d5d3da7b35409d65ba03af3b2","","0","0","0","0.00946403005909248","17.542242196632","3013.52","","","Add Asset",""
"0xd2b05c5e20bd6127896d0531405391410e190aab872b9052e703251f6e3bc16f","13046510","1629253180","2021-08-18 02:19:40","0xc352b534e8b987e036a93539fd6897f53488e56a","0x16f5a35647d6f03d5d3da7b35409d65ba03af3b2","","0","0","0","0.015074798094125568","27.9421935033283","3013.52","","","Add Asset",""
"0x80cb32266e7c6b183b19f235bf2fc4b0a30c7c0305d8ef6230919e2010a9a9d8","13046512","1629253208","2021-08-18 02:20:08","0xc352b534e8b987e036a93539fd6897f53488e56a","0x16f5a35647d6f03d5d3da7b35409d65ba03af3b2","","0","0","0","0.009494534059282944","17.5987834962651","3013.52","","","Add Asset",""
"0x7bc8085bb0a21abbefb42d61191af2b446f4d4f47a1bdf0849f1af6f319f9609","13046528","1629253316","2021-08-18 02:21:56","0xc352b534e8b987e036a93539fd6897f53488e56a","0x16f5a35647d6f03d5d3da7b35409d65ba03af3b2","","0","0","0","0.00578592003612672","10.7246078013634","3013.52","","","Add Asset",""
"0xb59cf7ac4bd26b6be54cb1c10f07593529561f8407d47fa2ac24d5db663d4924","13046529","1629253353","2021-08-18 02:22:33","0xc352b534e8b987e036a93539fd6897f53488e56a","0x16f5a35647d6f03d5d3da7b35409d65ba03af3b2","","0","0","0","0.0132163500825216","24.4974300224596","3013.52","","","Add Asset",""
"0x03e7c29351ac4e6193d5c16522d03794cb0b559e47181b8eba843344e0d0b776","13046530","1629253402","2021-08-18 02:23:22","0xc352b534e8b987e036a93539fd6897f53488e56a","0x16f5a35647d6f03d5d3da7b35409d65ba03af3b2","","0","0","0","0.005804616036243456","10.7592621462998","3013.52","","","Add Asset",""
"0x268ba24cf2b42d269d2fb87610800a5b55ef8c6805f526b1ff42639941d1e449","13046538","1629253460","2021-08-18 02:24:20","0xc352b534e8b987e036a93539fd6897f53488e56a","0x16f5a35647d6f03d5d3da7b35409d65ba03af3b2","","0","0","0","0.013176006082269696","24.4226495939126","3013.52","","","Add Asset",""
"0xc71389093b09beb81452d342856b3829825fb9ce17588d82589635da65997142","13046545","1629253550","2021-08-18 02:25:50","0xc352b534e8b987e036a93539fd6897f53488e56a","0x16f5a35647d6f03d5d3da7b35409d65ba03af3b2","","0","0","0","0.009470918059135488","17.5550095868718","3013.52","","","Add Asset",""
"0xf97cc96d6ffda45b28dab1890c84cac7725d46ef47951bcb2e3c5beb871d998b","13046551","1629253647","2021-08-18 02:27:27","0xc352b534e8b987e036a93539fd6897f53488e56a","0x16f5a35647d6f03d5d3da7b35409d65ba03af3b2","","0","0","0","0.005804616036243456","10.7592621462998","3013.52","","","Add Asset",""
"0x0c90fb0b1e6565780d23916c2cda018c1089551701a616d6d5e9fd2940916997","13046552","1629253672","2021-08-18 02:27:52","0xc352b534e8b987e036a93539fd6897f53488e56a","0x16f5a35647d6f03d5d3da7b35409d65ba03af3b2","","0","0","0","0.011353966070893056","21.0453708900252","3013.52","","","Add Asset",""
"0x7f53729b57ae93711795ba9e873d730684e54cd8f6a191f93e60cd72d667725d","13046553","1629253685","2021-08-18 02:28:05","0xc352b534e8b987e036a93539fd6897f53488e56a","0x16f5a35647d6f03d5d3da7b35409d65ba03af3b2","","0","0","0","0.00580068003621888","10.7519664947342","3013.52","","","Add Asset",""
"0x7583bc55d892bff33573633908799391b695fa43519fced2c634385572efa47e","13046555","1629253736","2021-08-18 02:28:56","0xc352b534e8b987e036a93539fd6897f53488e56a","0x16f5a35647d6f03d5d3da7b35409d65ba03af3b2","","0","0","0","0.009479774059190784","17.5714248028943","3013.52","","","Add Asset",""
"0x9b3d92510e942d01199c05f962ac44fe28f35570e8b13c87dc6b0e7d5d370386","13046556","1629253741","2021-08-18 02:29:01","0xc352b534e8b987e036a93539fd6897f53488e56a","0x16f5a35647d6f03d5d3da7b35409d65ba03af3b2","","0","0","0","0.00582036003634176","10.788444752562","3013.52","","","Add Asset",""
"0xb29f12692dafde9cfb4c285163376cf5cad2e3e9f40e32d8dfaec19856b00aa8","13046568","1629253919","2021-08-18 02:31:59","0xc352b534e8b987e036a93539fd6897f53488e56a","0x16f5a35647d6f03d5d3da7b35409d65ba03af3b2","","0","0","0","0.005553167940766208","10.293185499966","3013.52","","","Add Asset",""
"0x427158c8cd86c8da4f8a4dcf6ef4bc7468718df25ea3da82e5122726ff324ee8","13046569","1629253930","2021-08-18 02:32:10","0xc352b534e8b987e036a93539fd6897f53488e56a","0x16f5a35647d6f03d5d3da7b35409d65ba03af3b2","","0","0","0","0.01110320968417536","20.5805763742969","3013.52","","","Add Asset",""
"0x0efbe7a6e83cc653d19ca817e3d859c3ffddb7af62d7643df797e846edc28787","13046575","1629254007","2021-08-18 02:33:27","0xc352b534e8b987e036a93539fd6897f53488e56a","0x16f5a35647d6f03d5d3da7b35409d65ba03af3b2","","0","0","0","0.003397823963756544","6.29810456450022","3013.52","","","Add Asset",""
"0xf941680a9a5ec8bf296b34f0537e2133a142343579d9ad55ae2fd7498e51fd0c","13046576","1629254033","2021-08-18 02:33:53","0xc352b534e8b987e036a93539fd6897f53488e56a","0x16f5a35647d6f03d5d3da7b35409d65ba03af3b2","","0","0","0","0.003823847891232768","7.08776973575232","3013.52","","","Add Asset",""
"0x3df370980d1df2d72f16e06facb12a5ba22e3fed26bded5e51c821ac8c4d52cf","13046578","1629254050","2021-08-18 02:34:10","0xc352b534e8b987e036a93539fd6897f53488e56a","0x16f5a35647d6f03d5d3da7b35409d65ba03af3b2","","0","0","0","0.008670401753375232","16.0711965780037","3013.52","","","Add Asset",""
"0xffc28d26356379b44186542421c898a296a811155fec85dd38e2e8f07ee087fd","13046583","1629254115","2021-08-18 02:35:15","0xc352b534e8b987e036a93539fd6897f53488e56a","0x16f5a35647d6f03d5d3da7b35409d65ba03af3b2","","0","0","0","0.0033983999637504","6.29917222080883","3013.52","","","Add Asset",""
"0xad5d31859051418c2dfa40635714ebbb5101948f0a8e5b369bc94fd61fc6b418","13046604","1629254323","2021-08-18 02:38:43","0xc352b534e8b987e036a93539fd6897f53488e56a","0x16f5a35647d6f03d5d3da7b35409d65ba03af3b2","","0","0","0","0.007464041787689472","13.8351239364076","3013.52","","","Add Asset",""
"0xf8f7199e16386108b7c2c4da66b0f2a058deeda3b9f7ec04a9d60a0eb26f3fb3","13046612","1629254402","2021-08-18 02:40:02","0xc352b534e8b987e036a93539fd6897f53488e56a","0x16f5a35647d6f03d5d3da7b35409d65ba03af3b2","","0","0","0","0.005550287940796928","10.287847218423","3013.52","","","Add Asset",""
"0x34ea70053dfeffa28cdd37309ccb88da680986be6221dce47a777aadfb9f636a","13046614","1629254410","2021-08-18 02:40:10","0xc352b534e8b987e036a93539fd6897f53488e56a","0x16f5a35647d6f03d5d3da7b35409d65ba03af3b2","","0","0","0","0.00623888982253824","11.5642190083622","3013.52","","","Add Asset",""
"0xd892b20312b0c755a55aaa0967621b4b480d1afebe96ad589e40c3aaf2a65217","13046615","1629254451","2021-08-18 02:40:51","0xc352b534e8b987e036a93539fd6897f53488e56a","0x16f5a35647d6f03d5d3da7b35409d65ba03af3b2","","0","0","0","0.008704097752416768","16.1336544709471","3013.52","","","Add Asset",""
"0x1390d7a666f9e350e4f9a2b4c3850bdd866416bdcc95c442f901858bbe8f139f","13046620","1629254530","2021-08-18 02:42:10","0xc352b534e8b987e036a93539fd6897f53488e56a","0x16f5a35647d6f03d5d3da7b35409d65ba03af3b2","","0","0","0","0.006247961822280192","11.5810345949239","3013.52","","","Add Asset",""
"0xecb658d97f5a3f158992ca6b105e15600ca34195678eea58541e0f5cd33986ae","13046623","1629254558","2021-08-18 02:42:38","0xc352b534e8b987e036a93539fd6897f53488e56a","0x16f5a35647d6f03d5d3da7b35409d65ba03af3b2","","0","0","0","0.0055571999407232","10.3006590941263","3013.52","","","Add Asset",""
"0xd75a1f724f79cc95b467c28cbe01f69a54fe64dc699eb0e352f6076910e0839e","13046625","1629254568","2021-08-18 02:42:48","0xc352b534e8b987e036a93539fd6897f53488e56a","0x16f5a35647d6f03d5d3da7b35409d65ba03af3b2","","0","0","0","0.007478297787283968","13.8615484295759","3013.52","","","Add Asset",""
"0xf04150e7cf9b4641dfdb74b6b597781213637d517dd41fc0007b3afb49484697","13046626","1629254597","2021-08-18 02:43:17","0xc352b534e8b987e036a93539fd6897f53488e56a","0x16f5a35647d6f03d5d3da7b35409d65ba03af3b2","","0","0","0","0.003819311891361792","7.07936194247148","3013.52","","","Add Asset",""
"0xf846477fce9a4ae4ee1323d5009ce7b0d2ef1a1287a558e3b1f23199e6ca7b68","13046628","1629254599","2021-08-18 02:43:19","0xc352b534e8b987e036a93539fd6897f53488e56a","0x16f5a35647d6f03d5d3da7b35409d65ba03af3b2","","0","0","0","0.003392063963817984","6.2874280014141","3013.52","","","Add Asset",""
"0x017336fbbe95ff754200d48eee4494cf4f4bf58fe097adf60593d873c6585f4f","13046634","1629254661","2021-08-18 02:44:21","0xc352b534e8b987e036a93539fd6897f53488e56a","0x16f5a35647d6f03d5d3da7b35409d65ba03af3b2","","0","0","0","0.008676233753209344","16.0820065979362","3013.52","","","Add Asset",""
"0x8db8b445a058fef9ad326289cfc15eaa995007dfdb113009ed296f7417cee1ae","13046636","1629254707","2021-08-18 02:45:07","0xc352b534e8b987e036a93539fd6897f53488e56a","0x16f5a35647d6f03d5d3da7b35409d65ba03af3b2","","0","0","0","0.0066323999292544","12.2936175368681","3013.52","","","Add Asset",""
"0x24f2f5b466d026b6f6c1b95e0f4fb3b47edf23e36ab9a4d1462c41b71aa8bcd8","13046638","1629254741","2021-08-18 02:45:41","0xc352b534e8b987e036a93539fd6897f53488e56a","0x16f5a35647d6f03d5d3da7b35409d65ba03af3b2","","0","0","0","0.007893458835042816","14.6310784928703","3013.52","","","Add Asset",""
"0x3a5786b627100d50a2ce9211258d61fe1abf7b463659df027f34d260bb93430c","13046654","1629254870","2021-08-18 02:47:50","0xc352b534e8b987e036a93539fd6897f53488e56a","0x16f5a35647d6f03d5d3da7b35409d65ba03af3b2","","0","0","0","0.005674150881421824","10.517435849277","3013.52","","","Add Asset",""
"0x65d7bcc12d998b483d1776b4999e7999c0c809a5a03bb127127f3fa4a9272fbf","13046660","1629254982","2021-08-18 02:49:42","0xc352b534e8b987e036a93539fd6897f53488e56a","0x16f5a35647d6f03d5d3da7b35409d65ba03af3b2","","0","0","0","0.003620591854608384","6.71102044394646","3013.52","","","Add Asset",""
"0x05118917c5989b740ee7fab38e1cf15bdcd913744129caf5367f638445100acc","13046664","1629255101","2021-08-18 02:51:41","0xc352b534e8b987e036a93539fd6897f53488e56a","0x16f5a35647d6f03d5d3da7b35409d65ba03af3b2","","0","0","0","0.005888612763531776","10.9149559600996","3013.52","","","Add Asset",""
"0x36de69215afbce498a3db8f8b3bfdf124347cfa9c21a6c1119a0b1df629db463","13046666","1629255126","2021-08-18 02:52:06","0xc352b534e8b987e036a93539fd6897f53488e56a","0x16f5a35647d6f03d5d3da7b35409d65ba03af3b2","","0","0","0","0.007054880716698112","13.0767152500501","3013.52","","","Add Asset",""
"0x0fb7e5ed27da97a6912a4679c47920394b0b6d94b04f33597c716542732202f3","13046668","1629255156","2021-08-18 02:52:36","0xc352b534e8b987e036a93539fd6897f53488e56a","0x16f5a35647d6f03d5d3da7b35409d65ba03af3b2","","0","0","0","0.003611411854977024","6.69400467202976","3013.52","","","Add Asset",""
"0x69102af09ea76a0c190fd4702dbc542c07ce15e7ffb377114fdade1b566798d9","13046672","1629255250","2021-08-18 02:54:10","0xc352b534e8b987e036a93539fd6897f53488e56a","0x16f5a35647d6f03d5d3da7b35409d65ba03af3b2","","0","0","0","0.003604067855271936","6.6803920544964","3013.52","","","Add Asset",""
"0xfdb75904200a5d515aad314cb0c45b64054f7e97c02c92bc0517bd0441fa3eb4","13046679","1629255308","2021-08-18 02:55:08","0xc352b534e8b987e036a93539fd6897f53488e56a","0x16f5a35647d6f03d5d3da7b35409d65ba03af3b2","","0","0","0","0.007044476717115904","13.0574307085445","3013.52","","","Add Asset",""
"0x20f7acb3243267d23330f59bd2b0b0858e69f37d1447fbec3800685dd2b4acf5","13046680","1629255336","2021-08-18 02:55:36","0xc352b534e8b987e036a93539fd6897f53488e56a","0x16f5a35647d6f03d5d3da7b35409d65ba03af3b2","","0","0","0","0.003611411854977024","6.69400467202976","3013.52","","","Add Asset",""
"0x9364d288e8f4bead9ce17501fab1631ac430d020093beb904709c6729074459d","13046681","1629255409","2021-08-18 02:56:49","0xc352b534e8b987e036a93539fd6897f53488e56a","0x16f5a35647d6f03d5d3da7b35409d65ba03af3b2","","0","0","0","0.008210132670306816","15.2180556137006","3013.52","","","Add Asset",""
"0xa6a000f84be983deca62e5a8c8c92f8f0f312f542fff17096f4aede3f7840990","13046688","1629255507","2021-08-18 02:58:27","0xc352b534e8b987e036a93539fd6897f53488e56a","0x16f5a35647d6f03d5d3da7b35409d65ba03af3b2","","0","0","0","0.008211356670257664","15.2203243832895","3013.52","","","Add Asset",""
"0x1e02977bc4fe8315a9f79231859deecf48d150f27151113679a95d17b97819fe","13046690","1629255565","2021-08-18 02:59:25","0xc352b534e8b987e036a93539fd6897f53488e56a","0x16f5a35647d6f03d5d3da7b35409d65ba03af3b2","","0","0","0","0.003613247854903296","6.6974078264131","3013.52","","","Add Asset",""
"0xa09d1281833f03dd88d7314aeddc2853731d14939a7186288423f0740fe9ca04","13046692","1629255584","2021-08-18 02:59:44","0xc352b534e8b987e036a93539fd6897f53488e56a","0x16f5a35647d6f03d5d3da7b35409d65ba03af3b2","","0","0","0","0.007042028717214208","13.0528931693667","3013.52","","","Add Asset",""
"0x04dc9f09f9e6d1a25e4bf084fd0d101041c55c8c818071edf89a444f12357075","13046694","1629255600","2021-08-18 03:00:00","0xc352b534e8b987e036a93539fd6897f53488e56a","0x16f5a35647d6f03d5d3da7b35409d65ba03af3b2","","0","0","0","0.00360161985537024","6.67585451531862","3013.52","","","Add Asset",""
"0x8dea0b489642986329c2d2240bf834d5dc3239777fb3a55acd3aaf37dc452c00","13046696","1629255607","2021-08-18 03:00:07","0xc352b534e8b987e036a93539fd6897f53488e56a","0x16f5a35647d6f03d5d3da7b35409d65ba03af3b2","","0","0","0","0.003609575855050752","6.69060151764642","3013.52","","","Add Asset",""
"0x875dd9c766431152e2c61064f4fddae501059e5f0f698db16896535df73f9b08","13046698","1629255625","2021-08-18 03:00:25","0xc352b534e8b987e036a93539fd6897f53488e56a","0x16f5a35647d6f03d5d3da7b35409d65ba03af3b2","","0","0","0","0.008213192670183936","15.2237275376728","3013.52","","","Add Asset",""
"0xb98369c31a73020f4d1511a97c56b8bbfe11bd859bf0e918d9545035a3cd99f6","13046700","1629255663","2021-08-18 03:01:03","0xc352b534e8b987e036a93539fd6897f53488e56a","0x16f5a35647d6f03d5d3da7b35409d65ba03af3b2","","0","0","0","0.003606515855173632","6.68492959367419","3013.52","","","Add Asset",""
"0x6248232e3ec5ea514a4166660f53b20b9866896f931deefa38763ee8d1940391","13046706","1629255736","2021-08-18 03:02:16","0xc352b534e8b987e036a93539fd6897f53488e56a","0x16f5a35647d6f03d5d3da7b35409d65ba03af3b2","","0","0","0","0.007041416717238784","13.0517587845723","3013.52","","","Add Asset",""
"0x89494c970ed23d4542d56dbb7d656a48710b775a0c9c6292f12ede76e1603c36","13046713","1629255790","2021-08-18 03:03:10","0xc352b534e8b987e036a93539fd6897f53488e56a","0x16f5a35647d6f03d5d3da7b35409d65ba03af3b2","","0","0","0","0.003612023854952448","6.69513905682421","3013.52","","","Add Asset",""
"0x319485820d8734b3af458acf798e1f23a54ad464fab63b1c8f09c880015a81ac","13046715","1629255828","2021-08-18 03:03:48","0xc352b534e8b987e036a93539fd6897f53488e56a","0x16f5a35647d6f03d5d3da7b35409d65ba03af3b2","","0","0","0","0.003605291855222784","6.6826608240853","3013.52","","","Add Asset",""
"0x5264291372b80560ed3325ada0d63b2d032b601e78afd2e76e8f8fde2bf93d07","13046719","1629255897","2021-08-18 03:04:57","0xc352b534e8b987e036a93539fd6897f53488e56a","0x16f5a35647d6f03d5d3da7b35409d65ba03af3b2","","0","0","0","0.005899628763089408","10.9353748863996","3013.52","","","Add Asset",""
"0x78f19b61ab1b4bf0358591d81547aba511b2c78d34cb03e4086cc013a0522681","13046728","1629256047","2021-08-18 03:07:27","0xc352b534e8b987e036a93539fd6897f53488e56a","0x16f5a35647d6f03d5d3da7b35409d65ba03af3b2","","0","0","0","0.003605291855222784","6.6826608240853","3013.52","","","Add Asset",""
"0x18206900876bc517c422fe7fe42908d265e82f46028e92430ba7966cbac0b2df","13046732","1629256083","2021-08-18 03:08:03","0xc352b534e8b987e036a93539fd6897f53488e56a","0x16f5a35647d6f03d5d3da7b35409d65ba03af3b2","","0","0","0","0.031033090753808384","57.5220060285366","3013.52","","","Add Punks",""
"0x35c0a549f4f5a9f7ac5bdadeb0d1349d2c69081606b5b16df8eb176f2a5f37be","13046733","1629256098","2021-08-18 03:08:18","0xc352b534e8b987e036a93539fd6897f53488e56a","0x16f5a35647d6f03d5d3da7b35409d65ba03af3b2","","0","0","0","0.031034926753734656","57.5254091829199","3013.52","","","Add Punks",""
"0x238db52e16c12bdd1f62d79b25982b0f21f84653662fd5818bf268aedc484b73","13046736","1629256114","2021-08-18 03:08:34","0xc352b534e8b987e036a93539fd6897f53488e56a","0x16f5a35647d6f03d5d3da7b35409d65ba03af3b2","","0","0","0","0.031030642753906688","57.5174684893588","3013.52","","","Add Punks",""
"0xd7a9cafeb41257d1a971b19fc8360de677acff08133aa4294562e92c439e1dc9","13046742","1629256179","2021-08-18 03:09:39","0xc352b534e8b987e036a93539fd6897f53488e56a","0x16f5a35647d6f03d5d3da7b35409d65ba03af3b2","","0","0","0","0.031034314753759232","57.5242747981255","3013.52","","","Add Punks",""
"0x966796c32fc46c177133bc413480a822cc3a4612190d19105b2214df5dba8ea4","13046743","1629256196","2021-08-18 03:09:56","0xc352b534e8b987e036a93539fd6897f53488e56a","0x16f5a35647d6f03d5d3da7b35409d65ba03af3b2","","0","0","0","0.031040434753513472","57.53561864607","3013.52","","","Add Punks",""
"0xb8001ba8dffca28840cb34a7858ac02044ba2ae0651a00f0100d9674a74271f6","13046744","1629256214","2021-08-18 03:10:14","0xc352b534e8b987e036a93539fd6897f53488e56a","0x16f5a35647d6f03d5d3da7b35409d65ba03af3b2","","0","0","0","0.031033090753808384","57.5220060285366","3013.52","","","Add Punks",""
"0xbc87ba57bcfa510840645258afe1b7df7ed89c1310b90a1d13bbea38a032bdcb","13046751","1629256322","2021-08-18 03:12:02","0xc352b534e8b987e036a93539fd6897f53488e56a","0x16f5a35647d6f03d5d3da7b35409d65ba03af3b2","","0","0","0","0.031052062753046528","57.5571719571645","3013.52","","","Add Punks",""
"0xc608bf87bf12808f5f2104f9ec19e330bafe9ccd97bd0c6ea1b6693a2c49d3c7","13046753","1629256343","2021-08-18 03:12:23","0xc352b534e8b987e036a93539fd6897f53488e56a","0x16f5a35647d6f03d5d3da7b35409d65ba03af3b2","","0","0","0","0.031049002753169408","57.5515000331922","3013.52","","","Add Punks",""
"0xc323f499cf4290770971b84c3c72c3362925f204e804370867c1390accdf0390","13046754","1629256356","2021-08-18 03:12:36","0xc352b534e8b987e036a93539fd6897f53488e56a","0x16f5a35647d6f03d5d3da7b35409d65ba03af3b2","","0","0","0","0.03104471875334144","57.5435593396311","3013.52","","","Add Punks",""
"0x88ea3fe2b71afd27252d50f7c7884ec2e9471ba2c10f286d6ec9145ecb7b84ca","13046763","1629256445","2021-08-18 03:14:05","0xc352b534e8b987e036a93539fd6897f53488e56a","0x16f5a35647d6f03d5d3da7b35409d65ba03af3b2","","0","0","0","0.031052062753046528","57.5571719571645","3013.52","","","Add Punks",""
"0x58ff977a1de1dea6194eab0fe38587c4e10cbd998310279db916875d9799fa0b","13046765","1629256463","2021-08-18 03:14:23","0xc352b534e8b987e036a93539fd6897f53488e56a","0x16f5a35647d6f03d5d3da7b35409d65ba03af3b2","","0","0","0","0.03104165875346432","57.5378874156589","3013.52","","","Add Punks",""
"0x06572a1fedcfbe8604bd94c740b85ac1b7302da5c7201756729912352672388c","13046768","1629256473","2021-08-18 03:14:33","0xc352b534e8b987e036a93539fd6897f53488e56a","0x16f5a35647d6f03d5d3da7b35409d65ba03af3b2","","0","0","0","0.031052674753021952","57.5583063419589","3013.52","","","Add Punks",""
"0xff12d1554dd2429acfb7d3c8cad049666fe648c803909e988cc4d7cbd0295e2e","13046769","1629256502","2021-08-18 03:15:02","0xc352b534e8b987e036a93539fd6897f53488e56a","0x16f5a35647d6f03d5d3da7b35409d65ba03af3b2","","0","0","0","0.031054510752948224","57.5617094963422","3013.52","","","Add Punks",""
"0x5a3108619ab480c3eca1cf664fa245e2923772123682c7e93bd4691d5f7fdc74","13046770","1629256510","2021-08-18 03:15:10","0xc352b534e8b987e036a93539fd6897f53488e56a","0x16f5a35647d6f03d5d3da7b35409d65ba03af3b2","","0","0","0","0.031055122752923648","57.5628438811367","3013.52","","","Add Punks",""
"0x3d987f772ae1fccca995f00feab1b36b99d94ac4eb490e9c619d481d29a59445","13046773","1629256580","2021-08-18 03:16:20","0xc352b534e8b987e036a93539fd6897f53488e56a","0x16f5a35647d6f03d5d3da7b35409d65ba03af3b2","","0","0","0","0.031058794752776192","57.5696501899034","3013.52","","","Add Punks",""
"0x640d50226d445ae0d4f0607d928994e48b330f6bae11170d7233528d7c60071e","13046781","1629256687","2021-08-18 03:18:07","0xc352b534e8b987e036a93539fd6897f53488e56a","0x16f5a35647d6f03d5d3da7b35409d65ba03af3b2","","0","0","0","0.03104777875321856","57.5492312636033","3013.52","","","Add Punks",""
"0x5aab8a6cc947a27d6bb90d1ffe3d3b2610825cac2dd4b5275efaa2168db4a13f","13046784","1629256724","2021-08-18 03:18:44","0xc352b534e8b987e036a93539fd6897f53488e56a","0x16f5a35647d6f03d5d3da7b35409d65ba03af3b2","","0","0","0","0.031058182752800768","57.5685158051089","3013.52","","","Add Punks",""
"0xf19abd591626dd9f14d937ad3999b0edebdb24a006f82053332b5ae2292f2b3b","13046785","1629256726","2021-08-18 03:18:46","0xc352b534e8b987e036a93539fd6897f53488e56a","0x16f5a35647d6f03d5d3da7b35409d65ba03af3b2","","0","0","0","0.031050226753120256","57.5537688027811","3013.52","","","Add Punks",""
"0xe96ec1fa1ef6a89e08bf7bb437e2cbeea845873b0f1a19a828d4a0587fb16ceb","13046793","1629256823","2021-08-18 03:20:23","0xc352b534e8b987e036a93539fd6897f53488e56a","0x16f5a35647d6f03d5d3da7b35409d65ba03af3b2","","0","0","0","0.031055122752923648","57.5628438811367","3013.52","","","Add Punks",""
"0x870cfe54c9930cb7ee7f6a39305e45df4dc9e2097474755259aca03d6e5ac578","13046801","1629256902","2021-08-18 03:21:42","0xc352b534e8b987e036a93539fd6897f53488e56a","0x16f5a35647d6f03d5d3da7b35409d65ba03af3b2","","0","0","0","0.031053286752997376","57.5594407267533","3013.52","","","Add Punks",""
"0xe96afb9a34fdc57ad666bfed26ff5a37c7bf8e561a63a9c9a007a3fbecfb4847","13046810","1629256979","2021-08-18 03:22:59","0xc352b534e8b987e036a93539fd6897f53488e56a","0x16f5a35647d6f03d5d3da7b35409d65ba03af3b2","","0","0","0","0.031057570752825344","57.5673814203145","3013.52","","","Add Punks",""
"0x39e49e45d0c952e0d6f973cb4edcc0d8fa50e5933674b4c66e29e871d07a0c1f","13046814","1629257074","2021-08-18 03:24:34","0xc352b534e8b987e036a93539fd6897f53488e56a","0x16f5a35647d6f03d5d3da7b35409d65ba03af3b2","","0","0","0","0.031064302752555008","57.5798596530534","3013.52","","","Add Punks",""
"0x1b807b3218d78198df35f84ea920d5eb2d7bf4bd613856ac83aeec7f16287621","13046825","1629257189","2021-08-18 03:26:29","0xc352b534e8b987e036a93539fd6897f53488e56a","0x16f5a35647d6f03d5d3da7b35409d65ba03af3b2","","0","0","0","0.031057570752825344","57.5673814203145","3013.52","","","Add Punks",""
"0xa3d5bfaf46094c108f7782c70af690371a7e19e3998fbde95ae0272407beecb4","13046827","1629257233","2021-08-18 03:27:13","0xc352b534e8b987e036a93539fd6897f53488e56a","0x16f5a35647d6f03d5d3da7b35409d65ba03af3b2","","0","0","0","0.031057570752825344","57.5673814203145","3013.52","","","Add Punks",""
"0xb70a3ca3591cda0fdad538afd340453a11811061e754d32495f0a004aeb804ed","13046831","1629257257","2021-08-18 03:27:37","0xc352b534e8b987e036a93539fd6897f53488e56a","0x16f5a35647d6f03d5d3da7b35409d65ba03af3b2","","0","0","0","0.031059406752751616","57.5707845746978","3013.52","","","Add Punks",""
"0xb001784c0b1ad831756cb4ba4f09116aa4daade032fe87fcecd1e6e26e6ced32","13046833","1629257330","2021-08-18 03:28:50","0xc352b534e8b987e036a93539fd6897f53488e56a","0x16f5a35647d6f03d5d3da7b35409d65ba03af3b2","","0","0","0","0.031055734752899072","57.5639782659311","3013.52","","","Add Punks",""
"0xa66f1fb0bd84806cafd8cb99fd36833fd5df0e1b79751e6e0448f0a15f9699e4","13046838","1629257357","2021-08-18 03:29:17","0xc352b534e8b987e036a93539fd6897f53488e56a","0x16f5a35647d6f03d5d3da7b35409d65ba03af3b2","","0","0","0","0.031063690752579584","57.5787252682589","3013.52","","","Add Punks",""
"0xba7ee36a9028f4614961038e388ba00235e4d696114f3ed43db44422e3d6d2bf","13046839","1629257368","2021-08-18 03:29:28","0xc352b534e8b987e036a93539fd6897f53488e56a","0x16f5a35647d6f03d5d3da7b35409d65ba03af3b2","","0","0","0","0.03106613875248128","57.5832628074367","3013.52","","","Add Punks",""
"0x0d4717d5c95587fa92067122a2d097f8e624723dc5b68fee2e6c3479a302b946","13046840","1629257377","2021-08-18 03:29:37","0xc352b534e8b987e036a93539fd6897f53488e56a","0x16f5a35647d6f03d5d3da7b35409d65ba03af3b2","","0","0","0","0.03105695875284992","57.56624703552","3013.52","","","Add Punks",""
"0xa19c832490eaa1bfec4017df092fb8c82d860bc6e5ae4cc6e805ffd7af31a9b7","13046841","1629257401","2021-08-18 03:30:01","0xc352b534e8b987e036a93539fd6897f53488e56a","0x16f5a35647d6f03d5d3da7b35409d65ba03af3b2","","0","0","0","0.031058794752776192","57.5696501899034","3013.52","","","Add Punks",""
"0x6a755f324ad276da016feb6264da91fd48b854424dd022f03e4ccfcad62d986a","13046842","1629257481","2021-08-18 03:31:21","0xc352b534e8b987e036a93539fd6897f53488e56a","0x16f5a35647d6f03d5d3da7b35409d65ba03af3b2","","0","0","0","0.026803215688108032","49.6816365030064","3013.52","","","Add Punks",""
"0xa86f3519bf6b8000ad21cead08ab6bab3b79f3c1452034e82c8370b686dcfc72","13046846","1629257522","2021-08-18 03:32:02","0xc352b534e8b987e036a93539fd6897f53488e56a","0x16f5a35647d6f03d5d3da7b35409d65ba03af3b2","","0","0","0","0.02679687968818176","49.6698922836231","3013.52","","","Add Punks",""
"0x5cbcb494b7100037b68045ed417ac0064a4edb19b41bd72337c1de52e519f41a","13046848","1629257539","2021-08-18 03:32:19","0xc352b534e8b987e036a93539fd6897f53488e56a","0x16f5a35647d6f03d5d3da7b35409d65ba03af3b2","","0","0","0","0.026804271688095744","49.6835938729036","3013.52","","","Add Punks",""
"0x4563cbd90a75d4a09cdc36b2b010f98c86ef525ef2a8ac8446976a43bb001de7","13046851","1629257629","2021-08-18 03:33:49","0xc352b534e8b987e036a93539fd6897f53488e56a","0x16f5a35647d6f03d5d3da7b35409d65ba03af3b2","","0","0","0","0.026803215688108032","49.6816365030064","3013.52","","","Add Punks",""
"0xcc0348fe4acddb0bb7d4f93693f47e80e44f4d63a39716f24874aaf2ce0eff85","13046853","1629257642","2021-08-18 03:34:02","0xc352b534e8b987e036a93539fd6897f53488e56a","0x16f5a35647d6f03d5d3da7b35409d65ba03af3b2","","0","0","0","0.02680215968812032","49.6796791331092","3013.52","","","Add Punks",""
"0xe380f7eaf0e7064321e8340035186084f971aae15235c1d039fd702cbcf91cae","13046854","1629257656","2021-08-18 03:34:16","0xc352b534e8b987e036a93539fd6897f53488e56a","0x16f5a35647d6f03d5d3da7b35409d65ba03af3b2","","0","0","0","0.026797407688175616","49.6708709685717","3013.52","","","Add Punks",""
"0x04c8f55cb51398285b0e10b7a41443cfbc971fe81e50d58db4b53f2c05d5416c","13046857","1629257674","2021-08-18 03:34:34","0xc352b534e8b987e036a93539fd6897f53488e56a","0x16f5a35647d6f03d5d3da7b35409d65ba03af3b2","","0","0","0","0.026805327688083456","49.6855512428008","3013.52","","","Add Punks",""
"0xd40f568e732375f1a082432323aebf491ebd09c8ec503b9c8628f82bb9716ee3","13046860","1629257716","2021-08-18 03:35:16","0xc352b534e8b987e036a93539fd6897f53488e56a","0x16f5a35647d6f03d5d3da7b35409d65ba03af3b2","","0","0","0","0.026805327688083456","49.6855512428008","3013.52","","","Add Punks",""
"0x4c40b5aef589aafa4eef0f717bb4ca1427791e9ae76bd1bf81c79a830fde8b1f","13046869","1629257812","2021-08-18 03:36:52","0xc352b534e8b987e036a93539fd6897f53488e56a","0x16f5a35647d6f03d5d3da7b35409d65ba03af3b2","","0","0","0","0.026801103688132608","49.677721763212","3013.52","","","Add Punks",""
"0x370bd4de2b0024cf546919ad897c3c1f6fa6109bdf09b498716765557290a1ee","13046872","1629257829","2021-08-18 03:37:09","0xc352b534e8b987e036a93539fd6897f53488e56a","0x16f5a35647d6f03d5d3da7b35409d65ba03af3b2","","0","0","0","0.026806383688071168","49.6875086126981","3013.52","","","Add Punks",""
"0x1e070989fabeed67c5ca960b4f2d4955ac3e1ece2c94562689dbfe273fd60c4f","13046874","1629257872","2021-08-18 03:37:52","0xc352b534e8b987e036a93539fd6897f53488e56a","0x16f5a35647d6f03d5d3da7b35409d65ba03af3b2","","0","0","0","0.026805327688083456","49.6855512428008","3013.52","","","Add Punks",""
"0xfa1b78fbfe5ba802ff355165e134ed363e17d946a93f8debdbb8052c89a1b648","13046880","1629258028","2021-08-18 03:40:28","0xc352b534e8b987e036a93539fd6897f53488e56a","0x16f5a35647d6f03d5d3da7b35409d65ba03af3b2","","0","0","0","0.026793711688218624","49.6640201739314","3013.52","","","Add Punks",""
"0xf267ba43d02bce4d9660aa4c72416665e48f24f8bd830d57f8958cc0dc159282","13046882","1629258065","2021-08-18 03:41:05","0xc352b534e8b987e036a93539fd6897f53488e56a","0x16f5a35647d6f03d5d3da7b35409d65ba03af3b2","","0","0","0","0.026807967688052736","49.6904446675439","3013.52","","","Add Punks",""
"0xbf1c84c81979cc290326b7f694d2dccfaf5f520277c0bc260409fe13a4fa2dfa","13046883","1629258081","2021-08-18 03:41:21","0xc352b534e8b987e036a93539fd6897f53488e56a","0x16f5a35647d6f03d5d3da7b35409d65ba03af3b2","","0","0","0","0.026803743688101888","49.682615187955","3013.52","","","Add Punks",""
"0x028b1fd3cad5d26bd4452b4f7e66cc46383a7d4d65baa97b9dc8d76ded44b4d6","13046885","1629258095","2021-08-18 03:41:35","0xc352b534e8b987e036a93539fd6897f53488e56a","0x16f5a35647d6f03d5d3da7b35409d65ba03af3b2","","0","0","0","0.02679951968815104","49.6747857083661","3013.52","","","Add Punks",""
"0x8d2f8c0d91c5f80fef3ab3e3cff6c8b703dc572b00addb6afd2b844ea1f2aa62","13046886","1629258111","2021-08-18 03:41:51","0xc352b534e8b987e036a93539fd6897f53488e56a","0x16f5a35647d6f03d5d3da7b35409d65ba03af3b2","","0","0","0","0.026798991688157184","49.6738070234175","3013.52","","","Add Punks",""
"0x969cd51a2f974aee816ba12abb40c11c4da068297bfb7f16920153c148aeaf5f","13046887","1629258124","2021-08-18 03:42:04","0xc352b534e8b987e036a93539fd6897f53488e56a","0x16f5a35647d6f03d5d3da7b35409d65ba03af3b2","","0","0","0","0.026804271688095744","49.6835938729036","3013.52","","","Add Punks",""
"0xa9d12e5f16373434e7786218eecc111820d162b931bf608911304d4f1ef47bb8","13046892","1629258188","2021-08-18 03:43:08","0xc352b534e8b987e036a93539fd6897f53488e56a","0x16f5a35647d6f03d5d3da7b35409d65ba03af3b2","","0","0","0","0.026805327688083456","49.6855512428008","3013.52","","","Add Punks",""
"0x81b4cda831741de62c2a0bb89a124023a5d7e1ad2699e8436ecfdca66447429d","13046894","1629258220","2021-08-18 03:43:40","0xc352b534e8b987e036a93539fd6897f53488e56a","0x16f5a35647d6f03d5d3da7b35409d65ba03af3b2","","0","0","0","0.026800047688144896","49.6757643933147","3013.52","","","Add Punks",""
"0x81de1e7620c862ce3b77b3dfa1836a5b8485a9034af31d00a3cd6c6cdfdd598d","13046902","1629258291","2021-08-18 03:44:51","0xc352b534e8b987e036a93539fd6897f53488e56a","0x16f5a35647d6f03d5d3da7b35409d65ba03af3b2","","0","0","0","0.026803743688101888","49.682615187955","3013.52","","","Add Punks",""
"0xab44a36f522a2098b6398437214107804fd3283d319ea698a0217f11b0fefbac","13046903","1629258302","2021-08-18 03:45:02","0xc352b534e8b987e036a93539fd6897f53488e56a","0x16f5a35647d6f03d5d3da7b35409d65ba03af3b2","","0","0","0","0.026813247687991296","49.70023151703","3013.52","","","Add Punks",""
"0x4183308394a4da3fcc4110897a44a8e21aff1a7ae4e2f21d198a25ef67a2ef81","13046908","1629258374","2021-08-18 03:46:14","0xc352b534e8b987e036a93539fd6897f53488e56a","0x16f5a35647d6f03d5d3da7b35409d65ba03af3b2","","0","0","0","0.026807967688052736","49.6904446675439","3013.52","","","Add Punks",""
"0x42b6422ec8bbe9dc11e66924c13dfc5cf6092a934f218e41805a6700948bc87f","13046914","1629258434","2021-08-18 03:47:14","0xc352b534e8b987e036a93539fd6897f53488e56a","0x16f5a35647d6f03d5d3da7b35409d65ba03af3b2","","0","0","0","0.02680743968805888","49.6894659825953","3013.52","","","Add Punks",""
"0xb43c5a4c20581448acd6f94098fa2755d8a6dda8dda55e101d4aafee08b71b8d","13046915","1629258469","2021-08-18 03:47:49","0xc352b534e8b987e036a93539fd6897f53488e56a","0x16f5a35647d6f03d5d3da7b35409d65ba03af3b2","","0","0","0","0.026800047688144896","49.6757643933147","3013.52","","","Add Punks",""
"0xeda0ef8740365008d0918808b34e848439412de8dcecbc807ad79185e415507d","13046918","1629258539","2021-08-18 03:48:59","0xc352b534e8b987e036a93539fd6897f53488e56a","0x16f5a35647d6f03d5d3da7b35409d65ba03af3b2","","0","0","0","0.026805855688077312","49.6865299277495","3013.52","","","Add Punks",""
"0xcb4c39c5ad66857edbea54be5307b5e979659bc37fc65dc5cc0724f8df79ad6b","13046920","1629258578","2021-08-18 03:49:38","0xc352b534e8b987e036a93539fd6897f53488e56a","0x16f5a35647d6f03d5d3da7b35409d65ba03af3b2","","0","0","0","0.026803215688108032","49.6816365030064","3013.52","","","Add Punks",""
"0x71a9a70726db6344183d66320a7e3edc188b6193ea240572388a584b229e05e0","13046928","1629258653","2021-08-18 03:50:53","0xc352b534e8b987e036a93539fd6897f53488e56a","0x16f5a35647d6f03d5d3da7b35409d65ba03af3b2","","0","0","0","0.026808495688046592","49.6914233524925","3013.52","","","Add Punks",""
"0x45713495a28f6e5a0c6f22da6298a665bf9d4e1bafdcb10134c3af57eb48e2cb","13046933","1629258733","2021-08-18 03:52:13","0xc352b534e8b987e036a93539fd6897f53488e56a","0x16f5a35647d6f03d5d3da7b35409d65ba03af3b2","","0","0","0","0.026800575688138752","49.6767430782633","3013.52","","","Add Punks",""
"0xa45e24ab0b35ded7771b9d7b99fba6874f0178acfed6aee2635592be34e361e9","13046937","1629258781","2021-08-18 03:53:01","0xc352b534e8b987e036a93539fd6897f53488e56a","0x16f5a35647d6f03d5d3da7b35409d65ba03af3b2","","0","0","0","0.026801631688126464","49.6787004481606","3013.52","","","Add Punks",""
"0x761957d06800132296c1200c77e04d618b614024074128af9781983393fbd18e","13046938","1629258786","2021-08-18 03:53:06","0xc352b534e8b987e036a93539fd6897f53488e56a","0x16f5a35647d6f03d5d3da7b35409d65ba03af3b2","","0","0","0","0.026797935688169472","49.6718496535203","3013.52","","","Add Punks",""
"0x0ec438e247a67ecb6811e9bdd78e51ddd868a9cfe68c11a135392ea2691b6171","13046941","1629258811","2021-08-18 03:53:31","0xc352b534e8b987e036a93539fd6897f53488e56a","0x16f5a35647d6f03d5d3da7b35409d65ba03af3b2","","0","0","0","0.02681007968802816","49.6943594073384","3013.52","","","Add Punks",""
"0x504c272b388a5dc7cda5f52390bd7a3a0204dfe39f166b9eb3bbeedd827bbe70","13046950","1629258879","2021-08-18 03:54:39","0xc352b534e8b987e036a93539fd6897f53488e56a","0x16f5a35647d6f03d5d3da7b35409d65ba03af3b2","","0","0","0","0.02680743968805888","49.6894659825953","3013.52","","","Add Punks",""
"0x92732f0099d8832214d70633da356a6ac7014502e412366f2b5c80c1dc7f1aa7","13046953","1629258912","2021-08-18 03:55:12","0xc352b534e8b987e036a93539fd6897f53488e56a","0x16f5a35647d6f03d5d3da7b35409d65ba03af3b2","","0","0","0","0.026811135688015872","49.6963167772356","3013.52","","","Add Punks",""
"0x7a73fa67a8f3b651302a3f2b27d71af2d5f5852a574813c7f8b99c7d451e31ae","13046955","1629258935","2021-08-18 03:55:35","0xc352b534e8b987e036a93539fd6897f53488e56a","0x16f5a35647d6f03d5d3da7b35409d65ba03af3b2","","0","0","0","0.026811135688015872","49.6963167772356","3013.52","","","Add Punks",""
"0x360d3efcc5ce47b89c6960e253eedab3bd24a978a2a2e4901cea7946e8271c15","13046956","1629258936","2021-08-18 03:55:36","0xc352b534e8b987e036a93539fd6897f53488e56a","0x16f5a35647d6f03d5d3da7b35409d65ba03af3b2","","0","0","0","0.026798991688157184","49.6738070234175","3013.52","","","Add Punks",""
"0x3d09dd670d69b48a5689f617185e69467ff04d15b9fef349a5a642bb38d76ac0","13046958","1629258982","2021-08-18 03:56:22","0xc352b534e8b987e036a93539fd6897f53488e56a","0x16f5a35647d6f03d5d3da7b35409d65ba03af3b2","","0","0","0","0.026803215688108032","49.6816365030064","3013.52","","","Add Punks",""
"0x64209efe86f7ba5612fad3008d2e152bfd1fd96a5b265890ee631dcacd54a03e","13046964","1629259055","2021-08-18 03:57:35","0xc352b534e8b987e036a93539fd6897f53488e56a","0x16f5a35647d6f03d5d3da7b35409d65ba03af3b2","","0","0","0","0.026806383688071168","49.6875086126981","3013.52","","","Add Punks",""
"0xad078931605c03c76b5a5ab86527e47a074dd66e7d6bfbb6bc606dd8311f9cd2","13046967","1629259085","2021-08-18 03:58:05","0xc352b534e8b987e036a93539fd6897f53488e56a","0x16f5a35647d6f03d5d3da7b35409d65ba03af3b2","","0","0","0","0.026801631688126464","49.6787004481606","3013.52","","","Add Punks",""
"0xaefc10f30a3c44a86e285f086685d1c7ac8ae71c5470b40767fd514daae429ba","13046972","1629259211","2021-08-18 04:00:11","0xc352b534e8b987e036a93539fd6897f53488e56a","0x16f5a35647d6f03d5d3da7b35409d65ba03af3b2","","0","0","0","0.026805327688083456","49.6855512428008","3013.52","","","Add Punks",""
"0xfd8e636c97e1aedfab3c536a2443293b59111f0ebaa4f8f8f2498e01a394f6e5","13046977","1629259311","2021-08-18 04:01:51","0xc352b534e8b987e036a93539fd6897f53488e56a","0x16f5a35647d6f03d5d3da7b35409d65ba03af3b2","","0","0","0","0.02680743968805888","49.6894659825953","3013.52","","","Add Punks",""
"0x5957bca1267521a75302cf061bca385f362328b3e06852c7639568319904cab1","13046983","1629259383","2021-08-18 04:03:03","0xc352b534e8b987e036a93539fd6897f53488e56a","0x16f5a35647d6f03d5d3da7b35409d65ba03af3b2","","0","0","0","0.026803743688101888","49.682615187955","3013.52","","","Add Punks",""
"0xcb1303852b5c83092908ae20f3a80927fd46a60a963c2ac22f59791827bc6d4a","13046984","1629259390","2021-08-18 04:03:10","0xc352b534e8b987e036a93539fd6897f53488e56a","0x16f5a35647d6f03d5d3da7b35409d65ba03af3b2","","0","0","0","0.026811663688009728","49.6972954621842","3013.52","","","Add Punks",""
"0x2dd1f3008ddaee628f849a6da7c4f5e6d048212dff563a96afd2b36ccd6918eb","13046987","1629259465","2021-08-18 04:04:25","0xc352b534e8b987e036a93539fd6897f53488e56a","0x16f5a35647d6f03d5d3da7b35409d65ba03af3b2","","0","0","0","0.026814831687972864","49.7031675718759","3013.52","","","Add Punks",""
"0xe70462089d2fde8cd45d809bf121d1acb25bea2c2f7b21b020336f8bac84fb4d","13046989","1629259479","2021-08-18 04:04:39","0xc352b534e8b987e036a93539fd6897f53488e56a","0x16f5a35647d6f03d5d3da7b35409d65ba03af3b2","","0","0","0","0.026811663688009728","49.6972954621842","3013.52","","","Add Punks",""
"0x0855af699837c1c6d527e8b914ecaa03d926fa2139e0ea4649ef92eb3cb4cca4","13046995","1629259585","2021-08-18 04:06:25","0xc352b534e8b987e036a93539fd6897f53488e56a","0x16f5a35647d6f03d5d3da7b35409d65ba03af3b2","","0","0","0","0.026806911688065024","49.6884872976467","3013.52","","","Add Punks",""
"0x58bc27de84fa94debd90d508af4d6d46165774c20247129a638a44400ae18f47","13046996","1629259594","2021-08-18 04:06:34","0xc352b534e8b987e036a93539fd6897f53488e56a","0x16f5a35647d6f03d5d3da7b35409d65ba03af3b2","","0","0","0","0.026802687688114176","49.6806578180578","3013.52","","","Add Punks",""
"0xe73636425536689f8bace17fe7d3ba858ceab241e3f4cf10834867f1fc9cf7d9","13046999","1629259629","2021-08-18 04:07:09","0xc352b534e8b987e036a93539fd6897f53488e56a","0x16f5a35647d6f03d5d3da7b35409d65ba03af3b2","","0","0","0","0.026813247687991296","49.70023151703","3013.52","","","Add Punks",""
"0x248994d6bc4a0eb7717f193bfb3578fe1900b22bb8b5273346c2e364512f6a2e","13047000","1629259648","2021-08-18 04:07:28","0xc352b534e8b987e036a93539fd6897f53488e56a","0x16f5a35647d6f03d5d3da7b35409d65ba03af3b2","","0","0","0","0.026811135688015872","49.6963167772356","3013.52","","","Add Punks",""
"0xe62e90e8abd295de06ac4b8cbfdab9ff0189a5da582dd27bc46bbaf8efbc2566","13047002","1629259673","2021-08-18 04:07:53","0xc352b534e8b987e036a93539fd6897f53488e56a","0x16f5a35647d6f03d5d3da7b35409d65ba03af3b2","","0","0","0","0.026807967688052736","49.6904446675439","3013.52","","","Add Punks",""
"0x31ce516f0aeef914371475c78f3f4598bac76bf062373c6dd4810cb913649116","13047003","1629259688","2021-08-18 04:08:08","0xc352b534e8b987e036a93539fd6897f53488e56a","0x16f5a35647d6f03d5d3da7b35409d65ba03af3b2","","0","0","0","0.026815887687960576","49.7051249417731","3013.52","","","Add Punks",""
"0x61f0bf36095c4f4000a2bc3aa1c8f9e7aebf6bde9b8cf16bf9ab387466ef6a4c","13047004","1629259705","2021-08-18 04:08:25","0xc352b534e8b987e036a93539fd6897f53488e56a","0x16f5a35647d6f03d5d3da7b35409d65ba03af3b2","","0","0","0","0.026816943687948288","49.7070823116703","3013.52","","","Add Punks",""
"0x74bcba2fceab2cca65d79bdb06ccb68d0101a7a766f55779fa98c2371c7c3d71","13047008","1629259788","2021-08-18 04:09:48","0xc352b534e8b987e036a93539fd6897f53488e56a","0x16f5a35647d6f03d5d3da7b35409d65ba03af3b2","","0","0","0","0.026811135688015872","49.6963167772356","3013.52","","","Add Punks",""
"0x2ebd5ba37248e25af157a95047c7f49ecb48a9dae400484678d5f156705a36cc","13047011","1629259830","2021-08-18 04:10:30","0xc352b534e8b987e036a93539fd6897f53488e56a","0x16f5a35647d6f03d5d3da7b35409d65ba03af3b2","","0","0","0","0.026810607688022016","49.695338092287","3013.52","","","Add Punks",""
"0xb724927f569e04f28e5859114efab2dc6486c2a8e3d90455f892d3a6d7a941ca","13047017","1629259948","2021-08-18 04:12:28","0xc352b534e8b987e036a93539fd6897f53488e56a","0x16f5a35647d6f03d5d3da7b35409d65ba03af3b2","","0","0","0","0.02681007968802816","49.6943594073384","3013.52","","","Add Punks",""
"0xee32c0aabc1193b309c27df3bf381fc3bb49f6f2864d3c1aa5d4ce980cf329f7","13047018","1629259976","2021-08-18 04:12:56","0xc352b534e8b987e036a93539fd6897f53488e56a","0x16f5a35647d6f03d5d3da7b35409d65ba03af3b2","","0","0","0","0.026810607688022016","49.695338092287","3013.52","","","Add Punks",""
"0x6b8a97cf5316935f9d8c3aef8e49b1a6a8ce12e2253bb214f7357b08ba149e92","13047022","1629259994","2021-08-18 04:13:14","0xc352b534e8b987e036a93539fd6897f53488e56a","0x16f5a35647d6f03d5d3da7b35409d65ba03af3b2","","0","0","0","0.026801631688126464","49.6787004481606","3013.52","","","Add Punks",""
"0xce584548eec7398ff198422663eb652aa0e4da8769a2b0ba1686f9a8128fa843","13047024","1629260022","2021-08-18 04:13:42","0xc352b534e8b987e036a93539fd6897f53488e56a","0x16f5a35647d6f03d5d3da7b35409d65ba03af3b2","","0","0","0","0.026808495688046592","49.6914233524925","3013.52","","","Add Punks",""
"0x9afc188d76f2fbb27e1d42c83e7a2a0bb95068b4887862a90c3c3baa541d7965","13047047","1629260178","2021-08-18 04:16:18","0xc352b534e8b987e036a93539fd6897f53488e56a","0x16f5a35647d6f03d5d3da7b35409d65ba03af3b2","","0","0","0","0.026814303687979008","49.7021888869272","3013.52","","","Add Punks",""
"0x30866779e975fdf8182b5c8e8b720b66a7f26075aaad36dbbe144ad932355670","13047051","1629260202","2021-08-18 04:16:42","0xc352b534e8b987e036a93539fd6897f53488e56a","0x16f5a35647d6f03d5d3da7b35409d65ba03af3b2","","0","0","0","0.026815887687960576","49.7051249417731","3013.52","","","Add Punks",""
"0x6cc0dbf6d1dc14d3adb4fc89616f2efeb3b7b82879467236c56cabaf352bef1c","13047054","1629260210","2021-08-18 04:16:50","0xc352b534e8b987e036a93539fd6897f53488e56a","0x16f5a35647d6f03d5d3da7b35409d65ba03af3b2","","0","0","0","0.026810607688022016","49.695338092287","3013.52","","","Add Punks",""
"0xa085d36a2e6322c4e3fa3e14706962e9952406112ced8bc5a46102bfe5efbacd","13047055","1629260248","2021-08-18 04:17:28","0xc352b534e8b987e036a93539fd6897f53488e56a","0x16f5a35647d6f03d5d3da7b35409d65ba03af3b2","","0","0","0","0.02682063968790528","49.7139331063106","3013.52","","","Add Punks",""
"0x3a7118b1e784cdb59c4ff80db402bab015138952cfa574e906886111bcb2eaf5","13047056","1629260321","2021-08-18 04:18:41","0xc352b534e8b987e036a93539fd6897f53488e56a","0x16f5a35647d6f03d5d3da7b35409d65ba03af3b2","","0","0","0","0.026812191688003584","49.6982741471328","3013.52","","","Add Punks",""
"0xa7fb33e3bb76876a07daec8be006624f9885298bf523398c27cdeaee22d2b8e4","13047060","1629260399","2021-08-18 04:19:59","0xc352b534e8b987e036a93539fd6897f53488e56a","0x16f5a35647d6f03d5d3da7b35409d65ba03af3b2","","0","0","0","0.026813247687991296","49.70023151703","3013.52","","","Add Punks",""
"0x8d7cff365e8a738be36cc5e0f68c6a014312ecf3b89dc1b3b074432237ea8f32","13047061","1629260445","2021-08-18 04:20:45","0xc352b534e8b987e036a93539fd6897f53488e56a","0x16f5a35647d6f03d5d3da7b35409d65ba03af3b2","","0","0","0","0.02681535968796672","49.7041462568245","3013.52","","","Add Punks",""
"0xb0ed9a1e573dd738ccb62f3326b6760740f9565cfa8e03202ed1fcd4adf3274c","13047068","1629260577","2021-08-18 04:22:57","0xc352b534e8b987e036a93539fd6897f53488e56a","0x16f5a35647d6f03d5d3da7b35409d65ba03af3b2","","0","0","0","0.026814303687979008","49.7021888869272","3013.52","","","Add Punks",""
"0x31a31b73805009ec136956db7bbb79e8aabf8862d275b578054cb48b80067435","13047070","1629260628","2021-08-18 04:23:48","0xc352b534e8b987e036a93539fd6897f53488e56a","0x16f5a35647d6f03d5d3da7b35409d65ba03af3b2","","0","0","0","0.026817999687936","49.7090396815675","3013.52","","","Add Punks",""
"0x09e7d348cd5c0f7fee404924fbc7b6ca11508477ae79489cf206e0b63c6527be","13047071","1629260636","2021-08-18 04:23:56","0xc352b534e8b987e036a93539fd6897f53488e56a","0x16f5a35647d6f03d5d3da7b35409d65ba03af3b2","","0","0","0","0.026811135688015872","49.6963167772356","3013.52","","","Add Punks",""
"0x401d9d0673bdac7bdfcd32ce89e3958cfa3001251363ce6130aa5e9ae3e633b1","13047082","1629260777","2021-08-18 04:26:17","0xc352b534e8b987e036a93539fd6897f53488e56a","0x16f5a35647d6f03d5d3da7b35409d65ba03af3b2","","0","0","0","0.026813247687991296","49.70023151703","3013.52","","","Add Punks",""
"0x3c52b02973b1fb93611e0832b7d2097d62723379e102d05d76aebd05ab247db9","13047083","1629260782","2021-08-18 04:26:22","0xc352b534e8b987e036a93539fd6897f53488e56a","0x16f5a35647d6f03d5d3da7b35409d65ba03af3b2","","0","0","0","0.026812191688003584","49.6982741471328","3013.52","","","Add Punks",""
"0xac90c8398d793a241a2f3d7e739bfc637601e78e8e03bd1a624b4828c763fafc","13047085","1629260807","2021-08-18 04:26:47","0xc352b534e8b987e036a93539fd6897f53488e56a","0x16f5a35647d6f03d5d3da7b35409d65ba03af3b2","","0","0","0","0.026813247687991296","49.70023151703","3013.52","","","Add Punks",""
